,filename
0,OVERTURE-MNG-NON_SCHOOL-00001129.tiff
1,OSM-MNG-NON_SCHOOL-00001383.tiff
2,OSM-MNG-NON_SCHOOL-00000655.tiff
3,OVERTURE-MNG-NON_SCHOOL-00001940.tiff
4,OSM-MNG-NON_SCHOOL-00005283.tiff
5,OSM-MNG-NON_SCHOOL-00004114.tiff
6,OSM-MNG-NON_SCHOOL-00000008.tiff
7,OSM-MNG-NON_SCHOOL-00000656.tiff
8,OSM-MNG-NON_SCHOOL-00001112.tiff
9,OSM-MNG-NON_SCHOOL-00005389.tiff
10,OSM-MNG-NON_SCHOOL-00004540.tiff
11,OSM-MNG-NON_SCHOOL-00000005.tiff
12,OSM-MNG-NON_SCHOOL-00002570.tiff
13,OSM-MNG-NON_SCHOOL-00004154.tiff
14,OSM-MNG-NON_SCHOOL-00001581.tiff
15,OSM-MNG-NON_SCHOOL-00001006.tiff
16,OSM-MNG-NON_SCHOOL-00004298.tiff
17,OSM-MNG-NON_SCHOOL-00002538.tiff
18,OSM-MNG-NON_SCHOOL-00000262.tiff
19,OSM-MNG-NON_SCHOOL-00001159.tiff
20,OSM-MNG-NON_SCHOOL-00002600.tiff
21,OSM-MNG-NON_SCHOOL-00003194.tiff
22,OSM-MNG-NON_SCHOOL-00000184.tiff
23,OSM-MNG-NON_SCHOOL-00003800.tiff
24,OSM-MNG-NON_SCHOOL-00000692.tiff
25,OSM-MNG-NON_SCHOOL-00000269.tiff
26,OSM-MNG-NON_SCHOOL-00000246.tiff
27,OSM-MNG-NON_SCHOOL-00002575.tiff
28,OSM-MNG-NON_SCHOOL-00003394.tiff
29,OSM-MNG-NON_SCHOOL-00003463.tiff
30,OSM-MNG-NON_SCHOOL-00005218.tiff
31,OVERTURE-MNG-NON_SCHOOL-00000819.tiff
32,OSM-MNG-NON_SCHOOL-00000596.tiff
33,OSM-MNG-NON_SCHOOL-00002784.tiff
34,OSM-MNG-NON_SCHOOL-00004009.tiff
35,OSM-MNG-NON_SCHOOL-00000308.tiff
36,OVERTURE-MNG-NON_SCHOOL-00001863.tiff
37,OSM-MNG-NON_SCHOOL-00000334.tiff
38,OSM-MNG-NON_SCHOOL-00003951.tiff
39,OSM-MNG-NON_SCHOOL-00001907.tiff
40,OSM-MNG-NON_SCHOOL-00004190.tiff
41,OSM-MNG-NON_SCHOOL-00004403.tiff
42,OSM-MNG-NON_SCHOOL-00003215.tiff
43,OSM-MNG-NON_SCHOOL-00004771.tiff
44,OSM-MNG-NON_SCHOOL-00002598.tiff
45,OSM-MNG-NON_SCHOOL-00003735.tiff
46,OSM-MNG-NON_SCHOOL-00005302.tiff
47,OVERTURE-MNG-NON_SCHOOL-00001588.tiff
48,OSM-MNG-NON_SCHOOL-00003565.tiff
49,OSM-MNG-NON_SCHOOL-00000446.tiff
50,OSM-MNG-NON_SCHOOL-00005100.tiff
51,OVERTURE-MNG-NON_SCHOOL-00000942.tiff
52,OSM-MNG-NON_SCHOOL-00000348.tiff
53,OSM-MNG-NON_SCHOOL-00001028.tiff
54,OSM-MNG-NON_SCHOOL-00004341.tiff
55,OSM-MNG-NON_SCHOOL-00002519.tiff
56,OSM-MNG-NON_SCHOOL-00002315.tiff
57,OSM-MNG-NON_SCHOOL-00005109.tiff
58,OSM-MNG-NON_SCHOOL-00003027.tiff
59,OSM-MNG-NON_SCHOOL-00000315.tiff
60,OSM-MNG-NON_SCHOOL-00003508.tiff
61,OSM-MNG-NON_SCHOOL-00003681.tiff
62,OSM-MNG-NON_SCHOOL-00000626.tiff
63,OSM-MNG-NON_SCHOOL-00003772.tiff
64,OSM-MNG-NON_SCHOOL-00004416.tiff
65,OSM-MNG-NON_SCHOOL-00003841.tiff
66,OSM-MNG-NON_SCHOOL-00000358.tiff
67,OSM-MNG-NON_SCHOOL-00002803.tiff
68,OSM-MNG-NON_SCHOOL-00003845.tiff
69,OSM-MNG-NON_SCHOOL-00004300.tiff
70,OSM-MNG-NON_SCHOOL-00002762.tiff
71,OSM-MNG-NON_SCHOOL-00004404.tiff
72,OSM-MNG-NON_SCHOOL-00000567.tiff
73,OSM-MNG-NON_SCHOOL-00002989.tiff
74,OSM-MNG-NON_SCHOOL-00000699.tiff
75,OSM-MNG-NON_SCHOOL-00000658.tiff
76,OSM-MNG-NON_SCHOOL-00003274.tiff
77,OSM-MNG-NON_SCHOOL-00004589.tiff
78,OVERTURE-MNG-NON_SCHOOL-00000024.tiff
79,OSM-MNG-NON_SCHOOL-00004066.tiff
80,OSM-MNG-NON_SCHOOL-00000695.tiff
81,OSM-MNG-NON_SCHOOL-00000571.tiff
82,OSM-MNG-NON_SCHOOL-00002243.tiff
83,OVERTURE-MNG-NON_SCHOOL-00001565.tiff
84,OSM-MNG-NON_SCHOOL-00000633.tiff
85,OSM-MNG-NON_SCHOOL-00003680.tiff
86,OVERTURE-MNG-NON_SCHOOL-00002042.tiff
87,OSM-MNG-NON_SCHOOL-00001170.tiff
88,OSM-MNG-NON_SCHOOL-00002931.tiff
89,OVERTURE-MNG-NON_SCHOOL-00000270.tiff
90,OSM-MNG-NON_SCHOOL-00000580.tiff
91,OSM-MNG-NON_SCHOOL-00001690.tiff
92,OVERTURE-MNG-NON_SCHOOL-00002090.tiff
93,OSM-MNG-NON_SCHOOL-00002791.tiff
94,OSM-MNG-NON_SCHOOL-00002412.tiff
95,OVERTURE-MNG-NON_SCHOOL-00001656.tiff
96,OSM-MNG-NON_SCHOOL-00002712.tiff
97,OSM-MNG-NON_SCHOOL-00000264.tiff
98,OSM-MNG-NON_SCHOOL-00001331.tiff
99,OSM-MNG-NON_SCHOOL-00003987.tiff
100,OSM-MNG-NON_SCHOOL-00001644.tiff
101,OSM-MNG-NON_SCHOOL-00004826.tiff
102,OVERTURE-MNG-NON_SCHOOL-00000612.tiff
103,OSM-MNG-NON_SCHOOL-00004201.tiff
104,OSM-MNG-NON_SCHOOL-00000173.tiff
105,OVERTURE-MNG-NON_SCHOOL-00001960.tiff
106,OSM-MNG-NON_SCHOOL-00004892.tiff
107,OSM-MNG-NON_SCHOOL-00004535.tiff
108,OSM-MNG-NON_SCHOOL-00002843.tiff
109,OSM-MNG-NON_SCHOOL-00004434.tiff
110,OVERTURE-MNG-NON_SCHOOL-00001772.tiff
111,OSM-MNG-NON_SCHOOL-00003921.tiff
112,OSM-MNG-NON_SCHOOL-00003783.tiff
113,OVERTURE-MNG-NON_SCHOOL-00001317.tiff
114,OVERTURE-MNG-NON_SCHOOL-00000257.tiff
115,OSM-MNG-NON_SCHOOL-00003576.tiff
116,OSM-MNG-NON_SCHOOL-00003949.tiff
117,OVERTURE-MNG-NON_SCHOOL-00000170.tiff
118,OSM-MNG-NON_SCHOOL-00003912.tiff
119,OSM-MNG-NON_SCHOOL-00004044.tiff
120,OSM-MNG-NON_SCHOOL-00000110.tiff
121,OSM-MNG-NON_SCHOOL-00000372.tiff
122,OSM-MNG-NON_SCHOOL-00003922.tiff
123,OSM-MNG-NON_SCHOOL-00000302.tiff
124,OSM-MNG-NON_SCHOOL-00005276.tiff
125,OSM-MNG-NON_SCHOOL-00003932.tiff
126,OSM-MNG-NON_SCHOOL-00000272.tiff
127,OSM-MNG-NON_SCHOOL-00001000.tiff
128,OSM-MNG-NON_SCHOOL-00000611.tiff
129,OSM-MNG-NON_SCHOOL-00004609.tiff
130,OSM-MNG-NON_SCHOOL-00003351.tiff
131,OSM-MNG-NON_SCHOOL-00004233.tiff
132,OSM-MNG-NON_SCHOOL-00004095.tiff
133,OSM-MNG-NON_SCHOOL-00000364.tiff
134,OSM-MNG-NON_SCHOOL-00000635.tiff
135,OSM-MNG-NON_SCHOOL-00004489.tiff
136,OSM-MNG-NON_SCHOOL-00003126.tiff
137,OSM-MNG-NON_SCHOOL-00002763.tiff
138,OSM-MNG-NON_SCHOOL-00003697.tiff
139,OVERTURE-MNG-NON_SCHOOL-00002085.tiff
140,OSM-MNG-NON_SCHOOL-00000869.tiff
141,OSM-MNG-NON_SCHOOL-00000647.tiff
142,OSM-MNG-NON_SCHOOL-00005361.tiff
143,OSM-MNG-NON_SCHOOL-00002234.tiff
144,OSM-MNG-NON_SCHOOL-00002929.tiff
145,OSM-MNG-NON_SCHOOL-00003869.tiff
146,OVERTURE-MNG-NON_SCHOOL-00001084.tiff
147,OSM-MNG-NON_SCHOOL-00005225.tiff
148,OSM-MNG-NON_SCHOOL-00005029.tiff
149,OSM-MNG-NON_SCHOOL-00004230.tiff
150,OSM-MNG-NON_SCHOOL-00001526.tiff
151,OSM-MNG-NON_SCHOOL-00002503.tiff
152,OVERTURE-MNG-NON_SCHOOL-00001204.tiff
153,OSM-MNG-NON_SCHOOL-00002959.tiff
154,OSM-MNG-NON_SCHOOL-00000953.tiff
155,OSM-MNG-NON_SCHOOL-00000167.tiff
156,OSM-MNG-NON_SCHOOL-00001853.tiff
157,OSM-MNG-NON_SCHOOL-00004602.tiff
158,OSM-MNG-NON_SCHOOL-00002343.tiff
159,OSM-MNG-NON_SCHOOL-00005106.tiff
160,OSM-MNG-NON_SCHOOL-00002656.tiff
161,OSM-MNG-NON_SCHOOL-00000667.tiff
162,OSM-MNG-NON_SCHOOL-00005008.tiff
163,OSM-MNG-NON_SCHOOL-00003722.tiff
164,OSM-MNG-NON_SCHOOL-00000687.tiff
165,OSM-MNG-NON_SCHOOL-00003100.tiff
166,OSM-MNG-NON_SCHOOL-00001305.tiff
167,OSM-MNG-NON_SCHOOL-00001283.tiff
168,OSM-MNG-NON_SCHOOL-00003600.tiff
169,OVERTURE-MNG-NON_SCHOOL-00002140.tiff
170,OSM-MNG-NON_SCHOOL-00002334.tiff
171,OSM-MNG-NON_SCHOOL-00004955.tiff
172,OSM-MNG-NON_SCHOOL-00002199.tiff
173,OSM-MNG-NON_SCHOOL-00002391.tiff
174,OSM-MNG-NON_SCHOOL-00003911.tiff
175,OSM-MNG-NON_SCHOOL-00005083.tiff
176,OSM-MNG-NON_SCHOOL-00002839.tiff
177,OSM-MNG-NON_SCHOOL-00004259.tiff
178,OVERTURE-MNG-NON_SCHOOL-00000906.tiff
179,OSM-MNG-NON_SCHOOL-00003606.tiff
180,OSM-MNG-NON_SCHOOL-00004800.tiff
181,OSM-MNG-NON_SCHOOL-00000419.tiff
182,OSM-MNG-NON_SCHOOL-00002686.tiff
183,OSM-MNG-NON_SCHOOL-00003055.tiff
184,OSM-MNG-NON_SCHOOL-00001432.tiff
185,OSM-MNG-NON_SCHOOL-00000669.tiff
186,OSM-MNG-NON_SCHOOL-00003186.tiff
187,OSM-MNG-NON_SCHOOL-00002965.tiff
188,OVERTURE-MNG-NON_SCHOOL-00001701.tiff
189,OSM-MNG-NON_SCHOOL-00003500.tiff
190,OSM-MNG-NON_SCHOOL-00002842.tiff
191,OSM-MNG-NON_SCHOOL-00000338.tiff
192,OSM-MNG-NON_SCHOOL-00003778.tiff
193,OSM-MNG-NON_SCHOOL-00000461.tiff
194,OSM-MNG-NON_SCHOOL-00003603.tiff
195,OVERTURE-MNG-NON_SCHOOL-00000321.tiff
196,OVERTURE-MNG-NON_SCHOOL-00000143.tiff
197,OSM-MNG-NON_SCHOOL-00003544.tiff
198,OSM-MNG-NON_SCHOOL-00000029.tiff
199,OSM-MNG-NON_SCHOOL-00001611.tiff
200,OSM-MNG-NON_SCHOOL-00004549.tiff
201,OSM-MNG-NON_SCHOOL-00004112.tiff
202,OVERTURE-MNG-NON_SCHOOL-00001492.tiff
203,OSM-MNG-NON_SCHOOL-00001846.tiff
204,OSM-MNG-NON_SCHOOL-00002189.tiff
205,OSM-MNG-NON_SCHOOL-00001704.tiff
206,OSM-MNG-NON_SCHOOL-00003786.tiff
207,OSM-MNG-NON_SCHOOL-00003067.tiff
208,OSM-MNG-NON_SCHOOL-00003578.tiff
209,OSM-MNG-NON_SCHOOL-00005255.tiff
210,OSM-MNG-NON_SCHOOL-00005375.tiff
211,OVERTURE-MNG-NON_SCHOOL-00000331.tiff
212,OSM-MNG-NON_SCHOOL-00000132.tiff
213,OSM-MNG-NON_SCHOOL-00002313.tiff
214,OSM-MNG-NON_SCHOOL-00002337.tiff
215,OSM-MNG-NON_SCHOOL-00003809.tiff
216,OVERTURE-MNG-NON_SCHOOL-00001704.tiff
217,OSM-MNG-NON_SCHOOL-00005032.tiff
218,OSM-MNG-NON_SCHOOL-00003863.tiff
219,OSM-MNG-NON_SCHOOL-00000668.tiff
220,OSM-MNG-NON_SCHOOL-00002800.tiff
221,OSM-MNG-NON_SCHOOL-00003732.tiff
222,OSM-MNG-NON_SCHOOL-00003449.tiff
223,OSM-MNG-NON_SCHOOL-00003216.tiff
224,OSM-MNG-NON_SCHOOL-00000614.tiff
225,OVERTURE-MNG-NON_SCHOOL-00000996.tiff
226,OVERTURE-MNG-NON_SCHOOL-00000632.tiff
227,OSM-MNG-NON_SCHOOL-00002621.tiff
228,OSM-MNG-NON_SCHOOL-00003481.tiff
229,OSM-MNG-NON_SCHOOL-00002470.tiff
230,OVERTURE-MNG-NON_SCHOOL-00000085.tiff
231,OVERTURE-MNG-NON_SCHOOL-00001580.tiff
232,OSM-MNG-NON_SCHOOL-00002490.tiff
233,OSM-MNG-NON_SCHOOL-00005160.tiff
234,OSM-MNG-NON_SCHOOL-00002013.tiff
235,OSM-MNG-NON_SCHOOL-00003125.tiff
236,OSM-MNG-NON_SCHOOL-00005214.tiff
237,OSM-MNG-NON_SCHOOL-00005079.tiff
238,OSM-MNG-NON_SCHOOL-00005004.tiff
239,OSM-MNG-NON_SCHOOL-00002015.tiff
240,OSM-MNG-NON_SCHOOL-00000489.tiff
241,OSM-MNG-NON_SCHOOL-00004560.tiff
242,OSM-MNG-NON_SCHOOL-00000592.tiff
243,OSM-MNG-NON_SCHOOL-00001642.tiff
244,OVERTURE-MNG-NON_SCHOOL-00001828.tiff
245,OSM-MNG-NON_SCHOOL-00004023.tiff
246,OSM-MNG-NON_SCHOOL-00002665.tiff
247,OSM-MNG-NON_SCHOOL-00003188.tiff
248,OSM-MNG-NON_SCHOOL-00005003.tiff
249,OSM-MNG-NON_SCHOOL-00003758.tiff
250,OSM-MNG-NON_SCHOOL-00002454.tiff
251,OSM-MNG-NON_SCHOOL-00003751.tiff
252,OSM-MNG-NON_SCHOOL-00004336.tiff
253,OSM-MNG-NON_SCHOOL-00002567.tiff
254,OSM-MNG-NON_SCHOOL-00000917.tiff
255,OVERTURE-MNG-NON_SCHOOL-00002102.tiff
256,OVERTURE-MNG-NON_SCHOOL-00000555.tiff
257,OSM-MNG-NON_SCHOOL-00003821.tiff
258,OSM-MNG-NON_SCHOOL-00004889.tiff
259,OSM-MNG-NON_SCHOOL-00002897.tiff
260,OSM-MNG-NON_SCHOOL-00004493.tiff
261,OSM-MNG-NON_SCHOOL-00000605.tiff
262,OSM-MNG-NON_SCHOOL-00002874.tiff
263,OSM-MNG-NON_SCHOOL-00002879.tiff
264,OSM-MNG-NON_SCHOOL-00005092.tiff
265,OVERTURE-MNG-NON_SCHOOL-00001066.tiff
266,OSM-MNG-NON_SCHOOL-00000443.tiff
267,OSM-MNG-NON_SCHOOL-00005007.tiff
268,OSM-MNG-NON_SCHOOL-00002351.tiff
269,OSM-MNG-NON_SCHOOL-00004147.tiff
270,OVERTURE-MNG-NON_SCHOOL-00001516.tiff
271,OVERTURE-MNG-NON_SCHOOL-00000648.tiff
272,OSM-MNG-NON_SCHOOL-00000020.tiff
273,OSM-MNG-NON_SCHOOL-00004517.tiff
274,OSM-MNG-NON_SCHOOL-00000337.tiff
275,OVERTURE-MNG-NON_SCHOOL-00001966.tiff
276,OSM-MNG-NON_SCHOOL-00004906.tiff
277,OVERTURE-MNG-NON_SCHOOL-00001232.tiff
278,OSM-MNG-NON_SCHOOL-00001696.tiff
279,OSM-MNG-NON_SCHOOL-00004208.tiff
280,OSM-MNG-NON_SCHOOL-00000401.tiff
281,OSM-MNG-NON_SCHOOL-00004243.tiff
282,OVERTURE-MNG-NON_SCHOOL-00001216.tiff
283,OVERTURE-MNG-NON_SCHOOL-00001527.tiff
284,OSM-MNG-NON_SCHOOL-00004674.tiff
285,OSM-MNG-NON_SCHOOL-00003356.tiff
286,OSM-MNG-NON_SCHOOL-00000051.tiff
287,OSM-MNG-NON_SCHOOL-00004859.tiff
288,OSM-MNG-NON_SCHOOL-00002217.tiff
289,OVERTURE-MNG-NON_SCHOOL-00001904.tiff
290,OSM-MNG-NON_SCHOOL-00003492.tiff
291,OSM-MNG-NON_SCHOOL-00001248.tiff
292,OSM-MNG-NON_SCHOOL-00003639.tiff
293,OSM-MNG-NON_SCHOOL-00003339.tiff
294,OVERTURE-MNG-NON_SCHOOL-00001673.tiff
295,OVERTURE-MNG-NON_SCHOOL-00001906.tiff
296,OSM-MNG-NON_SCHOOL-00003501.tiff
297,OVERTURE-MNG-NON_SCHOOL-00001276.tiff
298,OSM-MNG-NON_SCHOOL-00002942.tiff
299,OSM-MNG-NON_SCHOOL-00000152.tiff
300,OSM-MNG-NON_SCHOOL-00004179.tiff
301,OSM-MNG-NON_SCHOOL-00004435.tiff
302,OSM-MNG-NON_SCHOOL-00004192.tiff
303,OSM-MNG-NON_SCHOOL-00002416.tiff
304,OSM-MNG-NON_SCHOOL-00002307.tiff
305,OSM-MNG-NON_SCHOOL-00002704.tiff
306,OSM-MNG-NON_SCHOOL-00001257.tiff
307,OSM-MNG-NON_SCHOOL-00003150.tiff
308,OSM-MNG-NON_SCHOOL-00003746.tiff
309,OSM-MNG-NON_SCHOOL-00000473.tiff
310,OVERTURE-MNG-NON_SCHOOL-00001756.tiff
311,OSM-MNG-NON_SCHOOL-00003819.tiff
312,OSM-MNG-NON_SCHOOL-00000098.tiff
313,OSM-MNG-NON_SCHOOL-00001814.tiff
314,OSM-MNG-NON_SCHOOL-00000929.tiff
315,OSM-MNG-NON_SCHOOL-00002483.tiff
316,OSM-MNG-NON_SCHOOL-00003956.tiff
317,OSM-MNG-NON_SCHOOL-00000686.tiff
318,OSM-MNG-NON_SCHOOL-00004205.tiff
319,OSM-MNG-NON_SCHOOL-00003165.tiff
320,OSM-MNG-NON_SCHOOL-00001472.tiff
321,OSM-MNG-NON_SCHOOL-00003881.tiff
322,OSM-MNG-NON_SCHOOL-00004237.tiff
323,OVERTURE-MNG-NON_SCHOOL-00000954.tiff
324,OSM-MNG-NON_SCHOOL-00002542.tiff
325,OVERTURE-MNG-NON_SCHOOL-00001429.tiff
326,OVERTURE-MNG-NON_SCHOOL-00001122.tiff
327,OSM-MNG-NON_SCHOOL-00003120.tiff
328,OSM-MNG-NON_SCHOOL-00004453.tiff
329,OSM-MNG-NON_SCHOOL-00000109.tiff
330,OSM-MNG-NON_SCHOOL-00000617.tiff
331,OSM-MNG-NON_SCHOOL-00000378.tiff
332,OVERTURE-MNG-NON_SCHOOL-00000393.tiff
333,OVERTURE-MNG-NON_SCHOOL-00001851.tiff
334,OVERTURE-MNG-NON_SCHOOL-00000671.tiff
335,OSM-MNG-NON_SCHOOL-00005374.tiff
336,OSM-MNG-NON_SCHOOL-00001032.tiff
337,OSM-MNG-NON_SCHOOL-00000517.tiff
338,OSM-MNG-NON_SCHOOL-00002584.tiff
339,OSM-MNG-NON_SCHOOL-00005010.tiff
340,OSM-MNG-NON_SCHOOL-00002339.tiff
341,OSM-MNG-NON_SCHOOL-00000165.tiff
342,OVERTURE-MNG-NON_SCHOOL-00002080.tiff
343,OVERTURE-MNG-NON_SCHOOL-00000581.tiff
344,OSM-MNG-NON_SCHOOL-00003502.tiff
345,OSM-MNG-NON_SCHOOL-00003824.tiff
346,OSM-MNG-NON_SCHOOL-00000601.tiff
347,OSM-MNG-NON_SCHOOL-00003945.tiff
348,OSM-MNG-NON_SCHOOL-00002336.tiff
349,OSM-MNG-NON_SCHOOL-00005279.tiff
350,OSM-MNG-NON_SCHOOL-00003469.tiff
351,OSM-MNG-NON_SCHOOL-00002098.tiff
352,OSM-MNG-NON_SCHOOL-00002308.tiff
353,OSM-MNG-NON_SCHOOL-00000103.tiff
354,OSM-MNG-NON_SCHOOL-00005395.tiff
355,OSM-MNG-NON_SCHOOL-00002425.tiff
356,OSM-MNG-NON_SCHOOL-00004001.tiff
357,OSM-MNG-NON_SCHOOL-00003337.tiff
358,OVERTURE-MNG-NON_SCHOOL-00000126.tiff
359,OSM-MNG-NON_SCHOOL-00000415.tiff
360,OSM-MNG-NON_SCHOOL-00000548.tiff
361,OSM-MNG-NON_SCHOOL-00002657.tiff
362,OVERTURE-MNG-NON_SCHOOL-00001533.tiff
363,OSM-MNG-NON_SCHOOL-00002516.tiff
364,OSM-MNG-NON_SCHOOL-00002536.tiff
365,OVERTURE-MNG-NON_SCHOOL-00001629.tiff
366,OSM-MNG-NON_SCHOOL-00001342.tiff
367,OSM-MNG-NON_SCHOOL-00002717.tiff
368,OVERTURE-MNG-NON_SCHOOL-00000100.tiff
369,OSM-MNG-NON_SCHOOL-00003185.tiff
370,OVERTURE-MNG-NON_SCHOOL-00000968.tiff
371,OSM-MNG-NON_SCHOOL-00000856.tiff
372,OSM-MNG-NON_SCHOOL-00002613.tiff
373,OSM-MNG-NON_SCHOOL-00002328.tiff
374,OSM-MNG-NON_SCHOOL-00004437.tiff
375,OSM-MNG-NON_SCHOOL-00001365.tiff
376,OSM-MNG-NON_SCHOOL-00002612.tiff
377,OSM-MNG-NON_SCHOOL-00003201.tiff
378,OSM-MNG-NON_SCHOOL-00003507.tiff
379,OSM-MNG-NON_SCHOOL-00003362.tiff
380,OSM-MNG-NON_SCHOOL-00001026.tiff
381,OSM-MNG-NON_SCHOOL-00003369.tiff
382,OSM-MNG-NON_SCHOOL-00000873.tiff
383,OVERTURE-MNG-NON_SCHOOL-00001782.tiff
384,OVERTURE-MNG-NON_SCHOOL-00001765.tiff
385,OSM-MNG-NON_SCHOOL-00005193.tiff
386,OSM-MNG-NON_SCHOOL-00002718.tiff
387,OSM-MNG-NON_SCHOOL-00003083.tiff
388,OSM-MNG-NON_SCHOOL-00005180.tiff
389,OSM-MNG-NON_SCHOOL-00002802.tiff
390,OSM-MNG-NON_SCHOOL-00002415.tiff
391,OVERTURE-MNG-NON_SCHOOL-00002075.tiff
392,OSM-MNG-NON_SCHOOL-00002601.tiff
393,OSM-MNG-NON_SCHOOL-00004503.tiff
394,OSM-MNG-NON_SCHOOL-00003410.tiff
395,OSM-MNG-NON_SCHOOL-00005406.tiff
396,OSM-MNG-NON_SCHOOL-00003752.tiff
397,OSM-MNG-NON_SCHOOL-00000653.tiff
398,OVERTURE-MNG-NON_SCHOOL-00001998.tiff
399,OSM-MNG-NON_SCHOOL-00000531.tiff
400,OSM-MNG-NON_SCHOOL-00000467.tiff
401,OSM-MNG-NON_SCHOOL-00003355.tiff
402,OSM-MNG-NON_SCHOOL-00004775.tiff
403,OVERTURE-MNG-NON_SCHOOL-00001786.tiff
404,OSM-MNG-NON_SCHOOL-00000859.tiff
405,OSM-MNG-NON_SCHOOL-00003580.tiff
406,OSM-MNG-NON_SCHOOL-00002325.tiff
407,OSM-MNG-NON_SCHOOL-00002597.tiff
408,OSM-MNG-NON_SCHOOL-00000225.tiff
409,OSM-MNG-NON_SCHOOL-00002444.tiff
410,OVERTURE-MNG-NON_SCHOOL-00001561.tiff
411,OVERTURE-MNG-NON_SCHOOL-00001365.tiff
412,OSM-MNG-NON_SCHOOL-00002320.tiff
413,OSM-MNG-NON_SCHOOL-00002834.tiff
414,OVERTURE-MNG-NON_SCHOOL-00001163.tiff
415,OSM-MNG-NON_SCHOOL-00000583.tiff
416,OSM-MNG-NON_SCHOOL-00003217.tiff
417,OVERTURE-MNG-NON_SCHOOL-00000150.tiff
418,OSM-MNG-NON_SCHOOL-00003763.tiff
419,OSM-MNG-NON_SCHOOL-00002581.tiff
420,OSM-MNG-NON_SCHOOL-00005146.tiff
421,OVERTURE-MNG-NON_SCHOOL-00001077.tiff
422,OSM-MNG-NON_SCHOOL-00003739.tiff
423,OSM-MNG-NON_SCHOOL-00003551.tiff
424,OSM-MNG-NON_SCHOOL-00000970.tiff
425,OSM-MNG-NON_SCHOOL-00001029.tiff
426,OSM-MNG-NON_SCHOOL-00003599.tiff
427,OSM-MNG-NON_SCHOOL-00000365.tiff
428,OSM-MNG-NON_SCHOOL-00001613.tiff
429,OSM-MNG-NON_SCHOOL-00003891.tiff
430,OSM-MNG-NON_SCHOOL-00000153.tiff
431,OSM-MNG-NON_SCHOOL-00001045.tiff
432,OVERTURE-MNG-NON_SCHOOL-00001422.tiff
433,OSM-MNG-NON_SCHOOL-00004402.tiff
434,OSM-MNG-NON_SCHOOL-00000183.tiff
435,OSM-MNG-NON_SCHOOL-00004886.tiff
436,OSM-MNG-NON_SCHOOL-00001139.tiff
437,OSM-MNG-NON_SCHOOL-00003649.tiff
438,OSM-MNG-NON_SCHOOL-00002881.tiff
439,OVERTURE-MNG-NON_SCHOOL-00001212.tiff
440,OSM-MNG-NON_SCHOOL-00004054.tiff
441,OSM-MNG-NON_SCHOOL-00001856.tiff
442,OSM-MNG-NON_SCHOOL-00005275.tiff
443,OSM-MNG-NON_SCHOOL-00004951.tiff
444,OSM-MNG-NON_SCHOOL-00004168.tiff
445,OSM-MNG-NON_SCHOOL-00003601.tiff
446,OSM-MNG-NON_SCHOOL-00003242.tiff
447,OSM-MNG-NON_SCHOOL-00005271.tiff
448,OSM-MNG-NON_SCHOOL-00003838.tiff
449,OSM-MNG-NON_SCHOOL-00003586.tiff
450,OSM-MNG-NON_SCHOOL-00003182.tiff
451,OVERTURE-MNG-NON_SCHOOL-00000274.tiff
452,OSM-MNG-NON_SCHOOL-00005174.tiff
453,OSM-MNG-NON_SCHOOL-00005073.tiff
454,OSM-MNG-NON_SCHOOL-00003077.tiff
455,OSM-MNG-NON_SCHOOL-00001815.tiff
456,OSM-MNG-NON_SCHOOL-00000340.tiff
457,OSM-MNG-NON_SCHOOL-00004018.tiff
458,OSM-MNG-NON_SCHOOL-00000463.tiff
459,OSM-MNG-NON_SCHOOL-00003926.tiff
460,OSM-MNG-NON_SCHOOL-00001153.tiff
461,OVERTURE-MNG-NON_SCHOOL-00001250.tiff
462,OSM-MNG-NON_SCHOOL-00005101.tiff
463,OSM-MNG-NON_SCHOOL-00003843.tiff
464,OSM-MNG-NON_SCHOOL-00002779.tiff
465,OSM-MNG-NON_SCHOOL-00003905.tiff
466,OSM-MNG-NON_SCHOOL-00003210.tiff
467,OSM-MNG-NON_SCHOOL-00002485.tiff
468,OSM-MNG-NON_SCHOOL-00003377.tiff
469,OSM-MNG-NON_SCHOOL-00003944.tiff
470,OSM-MNG-NON_SCHOOL-00003475.tiff
471,OSM-MNG-NON_SCHOOL-00002732.tiff
472,OSM-MNG-NON_SCHOOL-00000865.tiff
473,OSM-MNG-NON_SCHOOL-00005331.tiff
474,OSM-MNG-NON_SCHOOL-00005111.tiff
475,OSM-MNG-NON_SCHOOL-00003592.tiff
476,OVERTURE-MNG-NON_SCHOOL-00001437.tiff
477,OSM-MNG-NON_SCHOOL-00003583.tiff
478,OSM-MNG-NON_SCHOOL-00003705.tiff
479,OSM-MNG-NON_SCHOOL-00002340.tiff
480,OVERTURE-MNG-NON_SCHOOL-00001151.tiff
481,OVERTURE-MNG-NON_SCHOOL-00001688.tiff
482,OSM-MNG-NON_SCHOOL-00000307.tiff
483,OSM-MNG-NON_SCHOOL-00003955.tiff
484,OVERTURE-MNG-NON_SCHOOL-00001008.tiff
485,OSM-MNG-NON_SCHOOL-00002650.tiff
486,OSM-MNG-NON_SCHOOL-00000625.tiff
487,OSM-MNG-NON_SCHOOL-00005246.tiff
488,OSM-MNG-NON_SCHOOL-00000545.tiff
489,OSM-MNG-NON_SCHOOL-00003985.tiff
490,OSM-MNG-NON_SCHOOL-00003755.tiff
491,OSM-MNG-NON_SCHOOL-00003771.tiff
492,OSM-MNG-NON_SCHOOL-00002636.tiff
493,OSM-MNG-NON_SCHOOL-00000043.tiff
494,OSM-MNG-NON_SCHOOL-00003962.tiff
495,OSM-MNG-NON_SCHOOL-00005371.tiff
496,OSM-MNG-NON_SCHOOL-00000309.tiff
497,OVERTURE-MNG-NON_SCHOOL-00000635.tiff
498,OSM-MNG-NON_SCHOOL-00005095.tiff
499,OSM-MNG-NON_SCHOOL-00001712.tiff
500,OVERTURE-MNG-NON_SCHOOL-00000005.tiff
501,OSM-MNG-NON_SCHOOL-00003528.tiff
502,OVERTURE-MNG-NON_SCHOOL-00000052.tiff
503,OSM-MNG-NON_SCHOOL-00005401.tiff
504,OVERTURE-MNG-NON_SCHOOL-00001550.tiff
505,OVERTURE-MNG-NON_SCHOOL-00001690.tiff
506,OSM-MNG-NON_SCHOOL-00004590.tiff
507,OSM-MNG-NON_SCHOOL-00004014.tiff
508,OSM-MNG-NON_SCHOOL-00004083.tiff
509,OSM-MNG-NON_SCHOOL-00004488.tiff
510,OSM-MNG-NON_SCHOOL-00004996.tiff
511,OSM-MNG-NON_SCHOOL-00000679.tiff
512,OSM-MNG-NON_SCHOOL-00000539.tiff
513,OSM-MNG-NON_SCHOOL-00001182.tiff
514,OSM-MNG-NON_SCHOOL-00003218.tiff
515,OSM-MNG-NON_SCHOOL-00000248.tiff
516,OSM-MNG-NON_SCHOOL-00002203.tiff
517,OSM-MNG-NON_SCHOOL-00004445.tiff
518,OSM-MNG-NON_SCHOOL-00004555.tiff
519,OVERTURE-MNG-NON_SCHOOL-00001308.tiff
520,OSM-MNG-NON_SCHOOL-00003341.tiff
521,OSM-MNG-NON_SCHOOL-00001277.tiff
522,OSM-MNG-NON_SCHOOL-00004511.tiff
523,OSM-MNG-NON_SCHOOL-00002882.tiff
524,OVERTURE-MNG-NON_SCHOOL-00002002.tiff
525,OSM-MNG-NON_SCHOOL-00000217.tiff
526,OSM-MNG-NON_SCHOOL-00003717.tiff
527,OVERTURE-MNG-NON_SCHOOL-00001193.tiff
528,OVERTURE-MNG-NON_SCHOOL-00001849.tiff
529,OSM-MNG-NON_SCHOOL-00001299.tiff
530,OSM-MNG-NON_SCHOOL-00002198.tiff
531,OSM-MNG-NON_SCHOOL-00003695.tiff
532,OSM-MNG-NON_SCHOOL-00003731.tiff
533,OSM-MNG-NON_SCHOOL-00000339.tiff
534,OSM-MNG-NON_SCHOOL-00003894.tiff
535,OSM-MNG-NON_SCHOOL-00002524.tiff
536,OSM-MNG-NON_SCHOOL-00003541.tiff
537,OSM-MNG-NON_SCHOOL-00000610.tiff
538,OSM-MNG-NON_SCHOOL-00004328.tiff
539,OSM-MNG-NON_SCHOOL-00003880.tiff
540,OSM-MNG-NON_SCHOOL-00002586.tiff
541,OVERTURE-MNG-NON_SCHOOL-00001451.tiff
542,OSM-MNG-NON_SCHOOL-00000305.tiff
543,OSM-MNG-NON_SCHOOL-00004010.tiff
544,OSM-MNG-NON_SCHOOL-00001042.tiff
545,OSM-MNG-NON_SCHOOL-00000459.tiff
546,OSM-MNG-NON_SCHOOL-00001294.tiff
547,OSM-MNG-NON_SCHOOL-00003802.tiff
548,OVERTURE-MNG-NON_SCHOOL-00001017.tiff
549,OSM-MNG-NON_SCHOOL-00000037.tiff
550,OSM-MNG-NON_SCHOOL-00003936.tiff
551,OSM-MNG-NON_SCHOOL-00002073.tiff
552,OSM-MNG-NON_SCHOOL-00003051.tiff
553,OSM-MNG-NON_SCHOOL-00001308.tiff
554,OSM-MNG-NON_SCHOOL-00000237.tiff
555,OVERTURE-MNG-NON_SCHOOL-00002083.tiff
556,OVERTURE-MNG-NON_SCHOOL-00000333.tiff
557,OSM-MNG-NON_SCHOOL-00000407.tiff
558,OSM-MNG-NON_SCHOOL-00004474.tiff
559,OSM-MNG-NON_SCHOOL-00003787.tiff
560,OSM-MNG-NON_SCHOOL-00004068.tiff
561,OSM-MNG-NON_SCHOOL-00003769.tiff
562,OSM-MNG-NON_SCHOOL-00000487.tiff
563,OSM-MNG-NON_SCHOOL-00001851.tiff
564,OSM-MNG-NON_SCHOOL-00003679.tiff
565,OSM-MNG-NON_SCHOOL-00004545.tiff
566,OSM-MNG-NON_SCHOOL-00001993.tiff
567,OVERTURE-MNG-NON_SCHOOL-00000696.tiff
568,OSM-MNG-NON_SCHOOL-00001839.tiff
569,OSM-MNG-NON_SCHOOL-00001689.tiff
570,OSM-MNG-NON_SCHOOL-00002688.tiff
571,OSM-MNG-NON_SCHOOL-00003805.tiff
572,OSM-MNG-NON_SCHOOL-00002948.tiff
573,OSM-MNG-NON_SCHOOL-00004550.tiff
574,OSM-MNG-NON_SCHOOL-00003052.tiff
575,OSM-MNG-NON_SCHOOL-00002324.tiff
576,OSM-MNG-NON_SCHOOL-00002885.tiff
577,OSM-MNG-NON_SCHOOL-00003357.tiff
578,OSM-MNG-NON_SCHOOL-00004122.tiff
579,OSM-MNG-NON_SCHOOL-00004389.tiff
580,OSM-MNG-NON_SCHOOL-00000587.tiff
581,OVERTURE-MNG-NON_SCHOOL-00000489.tiff
582,OSM-MNG-NON_SCHOOL-00001579.tiff
583,OSM-MNG-NON_SCHOOL-00003513.tiff
584,OSM-MNG-NON_SCHOOL-00003605.tiff
585,OSM-MNG-NON_SCHOOL-00001009.tiff
586,OSM-MNG-NON_SCHOOL-00004042.tiff
587,OSM-MNG-NON_SCHOOL-00001608.tiff
588,OSM-MNG-NON_SCHOOL-00001374.tiff
589,OVERTURE-MNG-NON_SCHOOL-00002039.tiff
590,OSM-MNG-NON_SCHOOL-00003670.tiff
591,OSM-MNG-NON_SCHOOL-00000433.tiff
592,OSM-MNG-NON_SCHOOL-00003810.tiff
593,OVERTURE-MNG-NON_SCHOOL-00001544.tiff
594,OSM-MNG-NON_SCHOOL-00000651.tiff
595,OSM-MNG-NON_SCHOOL-00001862.tiff
596,OSM-MNG-NON_SCHOOL-00004548.tiff
597,OVERTURE-MNG-NON_SCHOOL-00000074.tiff
598,OSM-MNG-NON_SCHOOL-00004868.tiff
599,OSM-MNG-NON_SCHOOL-00001047.tiff
600,OSM-MNG-NON_SCHOOL-00004534.tiff
601,OSM-MNG-NON_SCHOOL-00002838.tiff
602,OSM-MNG-NON_SCHOOL-00003893.tiff
603,OSM-MNG-NON_SCHOOL-00001013.tiff
604,OSM-MNG-NON_SCHOOL-00003156.tiff
605,OVERTURE-MNG-NON_SCHOOL-00001780.tiff
606,OVERTURE-MNG-NON_SCHOOL-00000403.tiff
607,OSM-MNG-NON_SCHOOL-00003874.tiff
608,OSM-MNG-NON_SCHOOL-00000343.tiff
609,OSM-MNG-NON_SCHOOL-00002517.tiff
610,OSM-MNG-NON_SCHOOL-00003554.tiff
611,OVERTURE-MNG-NON_SCHOOL-00000879.tiff
612,OSM-MNG-NON_SCHOOL-00001086.tiff
613,OSM-MNG-NON_SCHOOL-00003179.tiff
614,OVERTURE-MNG-NON_SCHOOL-00000455.tiff
615,OSM-MNG-NON_SCHOOL-00000672.tiff
616,OVERTURE-MNG-NON_SCHOOL-00001576.tiff
617,OSM-MNG-NON_SCHOOL-00001261.tiff
618,OSM-MNG-NON_SCHOOL-00002659.tiff
619,OSM-MNG-NON_SCHOOL-00002472.tiff
620,OSM-MNG-NON_SCHOOL-00000236.tiff
621,OSM-MNG-NON_SCHOOL-00000797.tiff
622,OVERTURE-MNG-NON_SCHOOL-00000880.tiff
623,OVERTURE-MNG-NON_SCHOOL-00001068.tiff
624,OSM-MNG-NON_SCHOOL-00001018.tiff
625,OSM-MNG-NON_SCHOOL-00000096.tiff
626,OSM-MNG-NON_SCHOOL-00004390.tiff
627,OSM-MNG-NON_SCHOOL-00004087.tiff
628,OVERTURE-MNG-NON_SCHOOL-00001384.tiff
629,OSM-MNG-NON_SCHOOL-00000105.tiff
630,OSM-MNG-NON_SCHOOL-00002367.tiff
631,OSM-MNG-NON_SCHOOL-00004592.tiff
632,OSM-MNG-NON_SCHOOL-00002609.tiff
633,OVERTURE-MNG-NON_SCHOOL-00000131.tiff
634,OSM-MNG-NON_SCHOOL-00005093.tiff
635,OSM-MNG-NON_SCHOOL-00003835.tiff
636,OSM-MNG-NON_SCHOOL-00000161.tiff
637,OSM-MNG-NON_SCHOOL-00001165.tiff
638,OSM-MNG-NON_SCHOOL-00000678.tiff
639,OVERTURE-MNG-NON_SCHOOL-00000299.tiff
640,OVERTURE-MNG-NON_SCHOOL-00000856.tiff
641,OSM-MNG-NON_SCHOOL-00004562.tiff
642,OSM-MNG-NON_SCHOOL-00000260.tiff
643,OSM-MNG-NON_SCHOOL-00004596.tiff
644,OSM-MNG-NON_SCHOOL-00001274.tiff
645,OSM-MNG-NON_SCHOOL-00002622.tiff
646,OVERTURE-MNG-NON_SCHOOL-00000036.tiff
647,OSM-MNG-NON_SCHOOL-00000630.tiff
648,OSM-MNG-NON_SCHOOL-00005031.tiff
649,OSM-MNG-NON_SCHOOL-00000657.tiff
650,OSM-MNG-NON_SCHOOL-00000843.tiff
651,OSM-MNG-NON_SCHOOL-00003286.tiff
652,OSM-MNG-NON_SCHOOL-00000117.tiff
653,OVERTURE-MNG-NON_SCHOOL-00000860.tiff
654,OSM-MNG-NON_SCHOOL-00000390.tiff
655,OVERTURE-MNG-NON_SCHOOL-00001423.tiff
656,OSM-MNG-NON_SCHOOL-00003484.tiff
657,OSM-MNG-NON_SCHOOL-00000361.tiff
658,OSM-MNG-NON_SCHOOL-00000223.tiff
659,OSM-MNG-NON_SCHOOL-00000606.tiff
660,OSM-MNG-NON_SCHOOL-00002341.tiff
661,OSM-MNG-NON_SCHOOL-00001823.tiff
662,OSM-MNG-NON_SCHOOL-00002477.tiff
663,OSM-MNG-NON_SCHOOL-00003291.tiff
664,OSM-MNG-NON_SCHOOL-00004167.tiff
665,OSM-MNG-NON_SCHOOL-00003682.tiff
666,OVERTURE-MNG-NON_SCHOOL-00001520.tiff
667,OSM-MNG-NON_SCHOOL-00004084.tiff
668,OSM-MNG-NON_SCHOOL-00003721.tiff
669,OSM-MNG-NON_SCHOOL-00004835.tiff
670,OSM-MNG-NON_SCHOOL-00002194.tiff
671,OSM-MNG-NON_SCHOOL-00003950.tiff
672,OSM-MNG-NON_SCHOOL-00000593.tiff
673,OVERTURE-MNG-NON_SCHOOL-00001285.tiff
674,OSM-MNG-NON_SCHOOL-00000600.tiff
675,OVERTURE-MNG-NON_SCHOOL-00001921.tiff
676,OSM-MNG-NON_SCHOOL-00000326.tiff
677,OSM-MNG-NON_SCHOOL-00001829.tiff
678,OSM-MNG-NON_SCHOOL-00001455.tiff
679,OSM-MNG-NON_SCHOOL-00002811.tiff
680,OSM-MNG-NON_SCHOOL-00003952.tiff
681,OVERTURE-MNG-NON_SCHOOL-00001911.tiff
682,OSM-MNG-NON_SCHOOL-00001256.tiff
683,OVERTURE-MNG-NON_SCHOOL-00000447.tiff
684,OSM-MNG-NON_SCHOOL-00004061.tiff
685,OSM-MNG-NON_SCHOOL-00005096.tiff
686,OSM-MNG-NON_SCHOOL-00003443.tiff
687,OSM-MNG-NON_SCHOOL-00004264.tiff
688,OSM-MNG-NON_SCHOOL-00000561.tiff
689,OSM-MNG-NON_SCHOOL-00001755.tiff
690,OSM-MNG-NON_SCHOOL-00000965.tiff
691,OSM-MNG-NON_SCHOOL-00000674.tiff
692,OSM-MNG-NON_SCHOOL-00000774.tiff
693,OSM-MNG-NON_SCHOOL-00005014.tiff
694,OSM-MNG-NON_SCHOOL-00000031.tiff
695,OSM-MNG-NON_SCHOOL-00001240.tiff
696,OSM-MNG-NON_SCHOOL-00003496.tiff
697,OSM-MNG-NON_SCHOOL-00000034.tiff
698,OVERTURE-MNG-NON_SCHOOL-00001724.tiff
699,OSM-MNG-NON_SCHOOL-00002280.tiff
700,OSM-MNG-NON_SCHOOL-00000251.tiff
701,OSM-MNG-NON_SCHOOL-00004742.tiff
702,OSM-MNG-NON_SCHOOL-00001368.tiff
703,OSM-MNG-NON_SCHOOL-00001166.tiff
704,OSM-MNG-NON_SCHOOL-00002573.tiff
705,OSM-MNG-NON_SCHOOL-00004085.tiff
706,OSM-MNG-NON_SCHOOL-00001031.tiff
707,OSM-MNG-NON_SCHOOL-00004842.tiff
708,OSM-MNG-NON_SCHOOL-00004216.tiff
709,OVERTURE-MNG-NON_SCHOOL-00001161.tiff
710,OVERTURE-MNG-NON_SCHOOL-00001568.tiff
711,OSM-MNG-NON_SCHOOL-00002663.tiff
712,OSM-MNG-NON_SCHOOL-00000440.tiff
713,OSM-MNG-NON_SCHOOL-00004255.tiff
714,OSM-MNG-NON_SCHOOL-00000880.tiff
715,OSM-MNG-NON_SCHOOL-00001249.tiff
716,OSM-MNG-NON_SCHOOL-00002161.tiff
717,OSM-MNG-NON_SCHOOL-00004077.tiff
718,OSM-MNG-NON_SCHOOL-00004381.tiff
719,OSM-MNG-NON_SCHOOL-00003520.tiff
720,OSM-MNG-NON_SCHOOL-00003814.tiff
721,OSM-MNG-NON_SCHOOL-00004206.tiff
722,OSM-MNG-NON_SCHOOL-00001128.tiff
723,OSM-MNG-NON_SCHOOL-00004836.tiff
724,OSM-MNG-NON_SCHOOL-00000241.tiff
725,OSM-MNG-NON_SCHOOL-00005076.tiff
726,OVERTURE-MNG-NON_SCHOOL-00001986.tiff
727,OSM-MNG-NON_SCHOOL-00001145.tiff
728,OVERTURE-MNG-NON_SCHOOL-00002058.tiff
729,OSM-MNG-NON_SCHOOL-00004070.tiff
730,OSM-MNG-NON_SCHOOL-00000860.tiff
731,OSM-MNG-NON_SCHOOL-00003840.tiff
732,OSM-MNG-NON_SCHOOL-00002071.tiff
733,OVERTURE-MNG-NON_SCHOOL-00001284.tiff
734,OSM-MNG-NON_SCHOOL-00000720.tiff
735,OSM-MNG-NON_SCHOOL-00004025.tiff
736,OSM-MNG-NON_SCHOOL-00000162.tiff
737,OSM-MNG-NON_SCHOOL-00002235.tiff
738,OSM-MNG-NON_SCHOOL-00004843.tiff
739,OSM-MNG-NON_SCHOOL-00003124.tiff
740,OVERTURE-MNG-NON_SCHOOL-00001493.tiff
741,OSM-MNG-NON_SCHOOL-00001330.tiff
742,OSM-MNG-NON_SCHOOL-00003715.tiff
743,OSM-MNG-NON_SCHOOL-00000983.tiff
744,OVERTURE-MNG-NON_SCHOOL-00000261.tiff
745,OSM-MNG-NON_SCHOOL-00005330.tiff
746,OSM-MNG-NON_SCHOOL-00000435.tiff
747,OSM-MNG-NON_SCHOOL-00003744.tiff
748,OSM-MNG-NON_SCHOOL-00004231.tiff
749,OVERTURE-MNG-NON_SCHOOL-00000717.tiff
750,OSM-MNG-NON_SCHOOL-00005005.tiff
751,OSM-MNG-NON_SCHOOL-00004995.tiff
752,OSM-MNG-NON_SCHOOL-00000177.tiff
753,OSM-MNG-NON_SCHOOL-00005090.tiff
754,OSM-MNG-NON_SCHOOL-00004213.tiff
755,OSM-MNG-NON_SCHOOL-00004229.tiff
756,OSM-MNG-NON_SCHOOL-00000714.tiff
757,OSM-MNG-NON_SCHOOL-00001022.tiff
758,OSM-MNG-NON_SCHOOL-00004065.tiff
759,OSM-MNG-NON_SCHOOL-00003986.tiff
760,OVERTURE-MNG-NON_SCHOOL-00001470.tiff
761,OSM-MNG-NON_SCHOOL-00002292.tiff
762,OVERTURE-MNG-NON_SCHOOL-00001974.tiff
763,OSM-MNG-NON_SCHOOL-00002969.tiff
764,OSM-MNG-NON_SCHOOL-00000265.tiff
765,OSM-MNG-NON_SCHOOL-00004576.tiff
766,OVERTURE-MNG-NON_SCHOOL-00000084.tiff
767,OVERTURE-MNG-NON_SCHOOL-00001839.tiff
768,OSM-MNG-NON_SCHOOL-00004523.tiff
769,OSM-MNG-NON_SCHOOL-00002715.tiff
770,OSM-MNG-NON_SCHOOL-00001372.tiff
771,OSM-MNG-NON_SCHOOL-00005393.tiff
772,OSM-MNG-NON_SCHOOL-00005057.tiff
773,OSM-MNG-NON_SCHOOL-00001008.tiff
774,OSM-MNG-NON_SCHOOL-00004491.tiff
775,OSM-MNG-NON_SCHOOL-00002545.tiff
776,OSM-MNG-NON_SCHOOL-00005373.tiff
777,OSM-MNG-NON_SCHOOL-00002427.tiff
778,OSM-MNG-NON_SCHOOL-00005210.tiff
779,OVERTURE-MNG-NON_SCHOOL-00001843.tiff
780,OSM-MNG-NON_SCHOOL-00000543.tiff
781,OSM-MNG-NON_SCHOOL-00003177.tiff
782,OVERTURE-MNG-NON_SCHOOL-00002041.tiff
783,OSM-MNG-NON_SCHOOL-00000003.tiff
784,OSM-MNG-NON_SCHOOL-00004244.tiff
785,OSM-MNG-NON_SCHOOL-00001969.tiff
786,OSM-MNG-NON_SCHOOL-00001235.tiff
787,OSM-MNG-NON_SCHOOL-00002736.tiff
788,OSM-MNG-NON_SCHOOL-00003890.tiff
789,OSM-MNG-NON_SCHOOL-00003332.tiff
790,OSM-MNG-NON_SCHOOL-00002835.tiff
791,OSM-MNG-NON_SCHOOL-00000649.tiff
792,OSM-MNG-NON_SCHOOL-00002283.tiff
793,OSM-MNG-NON_SCHOOL-00001317.tiff
794,OSM-MNG-NON_SCHOOL-00004064.tiff
795,OSM-MNG-NON_SCHOOL-00002410.tiff
796,OSM-MNG-NON_SCHOOL-00002972.tiff
797,OSM-MNG-NON_SCHOOL-00000845.tiff
798,OSM-MNG-NON_SCHOOL-00004834.tiff
799,OSM-MNG-NON_SCHOOL-00003133.tiff
800,OSM-MNG-NON_SCHOOL-00000712.tiff
801,OSM-MNG-NON_SCHOOL-00004975.tiff
802,OSM-MNG-NON_SCHOOL-00002568.tiff
803,OSM-MNG-NON_SCHOOL-00002515.tiff
804,OSM-MNG-NON_SCHOOL-00005015.tiff
805,OSM-MNG-NON_SCHOOL-00002649.tiff
806,OSM-MNG-NON_SCHOOL-00005135.tiff
807,OVERTURE-MNG-NON_SCHOOL-00001305.tiff
808,OVERTURE-MNG-NON_SCHOOL-00001465.tiff
809,OSM-MNG-NON_SCHOOL-00000547.tiff
810,OSM-MNG-NON_SCHOOL-00004720.tiff
811,OVERTURE-MNG-NON_SCHOOL-00001438.tiff
812,OSM-MNG-NON_SCHOOL-00003505.tiff
813,OSM-MNG-NON_SCHOOL-00000370.tiff
814,OSM-MNG-NON_SCHOOL-00000266.tiff
815,OSM-MNG-NON_SCHOOL-00000576.tiff
816,OSM-MNG-NON_SCHOOL-00002368.tiff
817,OSM-MNG-NON_SCHOOL-00005070.tiff
818,OSM-MNG-NON_SCHOOL-00002422.tiff
819,OSM-MNG-NON_SCHOOL-00003181.tiff
820,OSM-MNG-NON_SCHOOL-00003353.tiff
821,OSM-MNG-NON_SCHOOL-00003943.tiff
822,OSM-MNG-NON_SCHOOL-00003970.tiff
823,OSM-MNG-NON_SCHOOL-00003692.tiff
824,OSM-MNG-NON_SCHOOL-00003491.tiff
825,OSM-MNG-NON_SCHOOL-00002433.tiff
826,OSM-MNG-NON_SCHOOL-00004458.tiff
827,OSM-MNG-NON_SCHOOL-00003903.tiff
828,OSM-MNG-NON_SCHOOL-00004176.tiff
829,OSM-MNG-NON_SCHOOL-00004512.tiff
830,OVERTURE-MNG-NON_SCHOOL-00000986.tiff
831,OSM-MNG-NON_SCHOOL-00004294.tiff
832,OSM-MNG-NON_SCHOOL-00002865.tiff
833,OSM-MNG-NON_SCHOOL-00004981.tiff
834,OSM-MNG-NON_SCHOOL-00002295.tiff
835,OVERTURE-MNG-NON_SCHOOL-00002015.tiff
836,OSM-MNG-NON_SCHOOL-00004234.tiff
837,OSM-MNG-NON_SCHOOL-00003509.tiff
838,OSM-MNG-NON_SCHOOL-00003172.tiff
839,OSM-MNG-NON_SCHOOL-00002474.tiff
840,OSM-MNG-NON_SCHOOL-00000097.tiff
841,OSM-MNG-NON_SCHOOL-00000139.tiff
842,OSM-MNG-NON_SCHOOL-00000116.tiff
843,OSM-MNG-NON_SCHOOL-00004608.tiff
844,OSM-MNG-NON_SCHOOL-00003168.tiff
845,OSM-MNG-NON_SCHOOL-00000594.tiff
846,OSM-MNG-NON_SCHOOL-00002984.tiff
847,OSM-MNG-NON_SCHOOL-00002911.tiff
848,OSM-MNG-NON_SCHOOL-00000054.tiff
849,OVERTURE-MNG-NON_SCHOOL-00001999.tiff
850,OVERTURE-MNG-NON_SCHOOL-00001831.tiff
851,OVERTURE-MNG-NON_SCHOOL-00001514.tiff
852,OSM-MNG-NON_SCHOOL-00001948.tiff
853,OSM-MNG-NON_SCHOOL-00001574.tiff
854,OVERTURE-MNG-NON_SCHOOL-00000850.tiff
855,OVERTURE-MNG-NON_SCHOOL-00001221.tiff
856,OSM-MNG-NON_SCHOOL-00002193.tiff
857,OSM-MNG-NON_SCHOOL-00004740.tiff
858,OSM-MNG-NON_SCHOOL-00002345.tiff
859,OSM-MNG-NON_SCHOOL-00003790.tiff
860,OSM-MNG-NON_SCHOOL-00000075.tiff
861,OVERTURE-MNG-NON_SCHOOL-00001486.tiff
862,OSM-MNG-NON_SCHOOL-00000257.tiff
863,OVERTURE-MNG-NON_SCHOOL-00000744.tiff
864,OSM-MNG-NON_SCHOOL-00001164.tiff
865,OSM-MNG-NON_SCHOOL-00002533.tiff
866,OVERTURE-MNG-NON_SCHOOL-00000272.tiff
867,OSM-MNG-NON_SCHOOL-00002421.tiff
868,OSM-MNG-NON_SCHOOL-00003024.tiff
869,OSM-MNG-NON_SCHOOL-00003380.tiff
870,OSM-MNG-NON_SCHOOL-00002582.tiff
871,OSM-MNG-NON_SCHOOL-00002648.tiff
872,OVERTURE-MNG-NON_SCHOOL-00001668.tiff
873,OSM-MNG-NON_SCHOOL-00002196.tiff
874,OSM-MNG-NON_SCHOOL-00002700.tiff
875,OVERTURE-MNG-NON_SCHOOL-00000193.tiff
876,OSM-MNG-NON_SCHOOL-00001298.tiff
877,OSM-MNG-NON_SCHOOL-00000112.tiff
878,OSM-MNG-NON_SCHOOL-00001064.tiff
879,OSM-MNG-NON_SCHOOL-00001790.tiff
880,OSM-MNG-NON_SCHOOL-00003466.tiff
881,OVERTURE-MNG-NON_SCHOOL-00001093.tiff
882,OSM-MNG-NON_SCHOOL-00002481.tiff
883,OSM-MNG-NON_SCHOOL-00002476.tiff
884,OSM-MNG-NON_SCHOOL-00004126.tiff
885,OSM-MNG-NON_SCHOOL-00002780.tiff
886,OSM-MNG-NON_SCHOOL-00003550.tiff
887,OSM-MNG-NON_SCHOOL-00000073.tiff
888,OSM-MNG-NON_SCHOOL-00003368.tiff
889,OSM-MNG-NON_SCHOOL-00004490.tiff
890,OSM-MNG-NON_SCHOOL-00004098.tiff
891,OSM-MNG-NON_SCHOOL-00004585.tiff
892,OSM-MNG-NON_SCHOOL-00003257.tiff
893,OSM-MNG-NON_SCHOOL-00002799.tiff
894,OSM-MNG-NON_SCHOOL-00002441.tiff
895,OSM-MNG-NON_SCHOOL-00000871.tiff
896,OSM-MNG-NON_SCHOOL-00005185.tiff
897,OSM-MNG-NON_SCHOOL-00001855.tiff
898,OSM-MNG-NON_SCHOOL-00003419.tiff
899,OSM-MNG-NON_SCHOOL-00001043.tiff
900,OSM-MNG-NON_SCHOOL-00004019.tiff
901,OSM-MNG-NON_SCHOOL-00000155.tiff
902,OSM-MNG-NON_SCHOOL-00004240.tiff
903,OSM-MNG-NON_SCHOOL-00004091.tiff
904,OVERTURE-MNG-NON_SCHOOL-00002099.tiff
905,OSM-MNG-NON_SCHOOL-00000724.tiff
906,OSM-MNG-NON_SCHOOL-00004448.tiff
907,OVERTURE-MNG-NON_SCHOOL-00000408.tiff
908,OSM-MNG-NON_SCHOOL-00004785.tiff
909,OSM-MNG-NON_SCHOOL-00001942.tiff
910,OSM-MNG-NON_SCHOOL-00000495.tiff
911,OSM-MNG-NON_SCHOOL-00004730.tiff
912,OSM-MNG-NON_SCHOOL-00003378.tiff
913,OSM-MNG-NON_SCHOOL-00004027.tiff
914,OSM-MNG-NON_SCHOOL-00003061.tiff
915,OSM-MNG-NON_SCHOOL-00003298.tiff
916,OSM-MNG-NON_SCHOOL-00000709.tiff
917,OVERTURE-MNG-NON_SCHOOL-00000384.tiff
918,OSM-MNG-NON_SCHOOL-00004080.tiff
919,OSM-MNG-NON_SCHOOL-00002527.tiff
920,OSM-MNG-NON_SCHOOL-00003780.tiff
921,OSM-MNG-NON_SCHOOL-00000999.tiff
922,OSM-MNG-NON_SCHOOL-00002943.tiff
923,OSM-MNG-NON_SCHOOL-00002945.tiff
924,OVERTURE-MNG-NON_SCHOOL-00001655.tiff
925,OSM-MNG-NON_SCHOOL-00003915.tiff
926,OSM-MNG-NON_SCHOOL-00002708.tiff
927,OSM-MNG-NON_SCHOOL-00003656.tiff
928,OVERTURE-MNG-NON_SCHOOL-00000146.tiff
929,OSM-MNG-NON_SCHOOL-00000118.tiff
930,OSM-MNG-NON_SCHOOL-00004086.tiff
931,OVERTURE-MNG-NON_SCHOOL-00000176.tiff
932,OSM-MNG-NON_SCHOOL-00000551.tiff
933,OSM-MNG-NON_SCHOOL-00002752.tiff
934,OSM-MNG-NON_SCHOOL-00000022.tiff
935,OSM-MNG-NON_SCHOOL-00002414.tiff
936,OSM-MNG-NON_SCHOOL-00002417.tiff
937,OSM-MNG-NON_SCHOOL-00004998.tiff
938,OSM-MNG-NON_SCHOOL-00004052.tiff
939,OSM-MNG-NON_SCHOOL-00001021.tiff
940,OSM-MNG-NON_SCHOOL-00003589.tiff
941,OVERTURE-MNG-NON_SCHOOL-00001325.tiff
942,OSM-MNG-NON_SCHOOL-00002432.tiff
943,OSM-MNG-NON_SCHOOL-00005229.tiff
944,OSM-MNG-NON_SCHOOL-00000602.tiff
945,OVERTURE-MNG-NON_SCHOOL-00001528.tiff
946,OSM-MNG-NON_SCHOOL-00004779.tiff
947,OSM-MNG-NON_SCHOOL-00003799.tiff
948,OVERTURE-MNG-NON_SCHOOL-00000268.tiff
949,OSM-MNG-NON_SCHOOL-00000857.tiff
950,OVERTURE-MNG-NON_SCHOOL-00001016.tiff
951,OSM-MNG-NON_SCHOOL-00000637.tiff
952,OSM-MNG-NON_SCHOOL-00003290.tiff
953,OSM-MNG-NON_SCHOOL-00004538.tiff
954,OSM-MNG-NON_SCHOOL-00005038.tiff
955,OSM-MNG-NON_SCHOOL-00002955.tiff
956,OVERTURE-MNG-NON_SCHOOL-00000817.tiff
957,OSM-MNG-NON_SCHOOL-00001149.tiff
958,OSM-MNG-NON_SCHOOL-00003612.tiff
959,OSM-MNG-NON_SCHOOL-00000464.tiff
960,OSM-MNG-NON_SCHOOL-00000412.tiff
961,OSM-MNG-NON_SCHOOL-00002347.tiff
962,OSM-MNG-NON_SCHOOL-00004188.tiff
963,OSM-MNG-NON_SCHOOL-00002750.tiff
964,OSM-MNG-NON_SCHOOL-00000017.tiff
965,OSM-MNG-NON_SCHOOL-00002558.tiff
966,OSM-MNG-NON_SCHOOL-00003588.tiff
967,OSM-MNG-NON_SCHOOL-00003427.tiff
968,OVERTURE-MNG-NON_SCHOOL-00001363.tiff
969,OSM-MNG-NON_SCHOOL-00002510.tiff
970,OSM-MNG-NON_SCHOOL-00000434.tiff
971,OSM-MNG-NON_SCHOOL-00000483.tiff
972,OSM-MNG-NON_SCHOOL-00004829.tiff
973,OSM-MNG-NON_SCHOOL-00002677.tiff
974,OSM-MNG-NON_SCHOOL-00002338.tiff
975,OSM-MNG-NON_SCHOOL-00000909.tiff
976,OSM-MNG-NON_SCHOOL-00002335.tiff
977,OSM-MNG-NON_SCHOOL-00004189.tiff
978,OSM-MNG-NON_SCHOOL-00003983.tiff
979,OSM-MNG-NON_SCHOOL-00000456.tiff
980,OSM-MNG-NON_SCHOOL-00005370.tiff
981,OSM-MNG-NON_SCHOOL-00001838.tiff
982,OSM-MNG-NON_SCHOOL-00004204.tiff
983,OSM-MNG-NON_SCHOOL-00003937.tiff
984,OVERTURE-MNG-NON_SCHOOL-00000458.tiff
985,OSM-MNG-NON_SCHOOL-00003942.tiff
986,OSM-MNG-NON_SCHOOL-00004734.tiff
987,OSM-MNG-NON_SCHOOL-00005046.tiff
988,OSM-MNG-NON_SCHOOL-00003982.tiff
989,OSM-MNG-NON_SCHOOL-00000562.tiff
990,OVERTURE-MNG-NON_SCHOOL-00001320.tiff
991,OSM-MNG-NON_SCHOOL-00003164.tiff
992,OSM-MNG-NON_SCHOOL-00000682.tiff
993,OVERTURE-MNG-NON_SCHOOL-00000615.tiff
994,OSM-MNG-NON_SCHOOL-00001324.tiff
995,OSM-MNG-NON_SCHOOL-00002407.tiff
996,OVERTURE-MNG-NON_SCHOOL-00000281.tiff
997,OSM-MNG-NON_SCHOOL-00004323.tiff
998,OSM-MNG-NON_SCHOOL-00003860.tiff
999,OSM-MNG-NON_SCHOOL-00002804.tiff
1000,OSM-MNG-NON_SCHOOL-00000146.tiff
1001,OSM-MNG-NON_SCHOOL-00000632.tiff
1002,OSM-MNG-NON_SCHOOL-00004570.tiff
1003,OSM-MNG-NON_SCHOOL-00005344.tiff
1004,OVERTURE-MNG-NON_SCHOOL-00001873.tiff
1005,OSM-MNG-NON_SCHOOL-00000113.tiff
1006,OSM-MNG-NON_SCHOOL-00002816.tiff
1007,OSM-MNG-NON_SCHOOL-00003227.tiff
1008,OVERTURE-MNG-NON_SCHOOL-00000736.tiff
1009,OSM-MNG-NON_SCHOOL-00004513.tiff
1010,OSM-MNG-NON_SCHOOL-00001238.tiff
1011,OSM-MNG-NON_SCHOOL-00000850.tiff
1012,OSM-MNG-NON_SCHOOL-00001125.tiff
1013,OVERTURE-MNG-NON_SCHOOL-00001572.tiff
1014,OSM-MNG-NON_SCHOOL-00000303.tiff
1015,OSM-MNG-NON_SCHOOL-00000618.tiff
1016,OSM-MNG-NON_SCHOOL-00004012.tiff
1017,OSM-MNG-NON_SCHOOL-00001945.tiff
1018,OSM-MNG-NON_SCHOOL-00000230.tiff
1019,OSM-MNG-NON_SCHOOL-00004642.tiff
1020,OSM-MNG-NON_SCHOOL-00004685.tiff
1021,OVERTURE-MNG-NON_SCHOOL-00001441.tiff
1022,OSM-MNG-NON_SCHOOL-00000491.tiff
1023,OSM-MNG-NON_SCHOOL-00000166.tiff
1024,OSM-MNG-NON_SCHOOL-00000179.tiff
1025,OSM-MNG-NON_SCHOOL-00001958.tiff
1026,OSM-MNG-NON_SCHOOL-00000595.tiff
1027,OSM-MNG-NON_SCHOOL-00002721.tiff
1028,OSM-MNG-NON_SCHOOL-00002190.tiff
1029,OVERTURE-MNG-NON_SCHOOL-00001041.tiff
1030,OSM-MNG-NON_SCHOOL-00000086.tiff
1031,OSM-MNG-NON_SCHOOL-00004454.tiff
1032,OSM-MNG-NON_SCHOOL-00002772.tiff
1033,OSM-MNG-NON_SCHOOL-00003593.tiff
1034,OSM-MNG-NON_SCHOOL-00002531.tiff
1035,OSM-MNG-NON_SCHOOL-00004759.tiff
1036,OSM-MNG-NON_SCHOOL-00000151.tiff
1037,OSM-MNG-NON_SCHOOL-00002985.tiff
1038,OSM-MNG-NON_SCHOOL-00004401.tiff
1039,OSM-MNG-NON_SCHOOL-00004313.tiff
1040,OSM-MNG-NON_SCHOOL-00003132.tiff
1041,OSM-MNG-NON_SCHOOL-00001946.tiff
1042,OSM-MNG-NON_SCHOOL-00002221.tiff
1043,OSM-MNG-NON_SCHOOL-00000234.tiff
1044,OSM-MNG-NON_SCHOOL-00002352.tiff
1045,OSM-MNG-NON_SCHOOL-00005028.tiff
1046,OSM-MNG-NON_SCHOOL-00002735.tiff
1047,OSM-MNG-NON_SCHOOL-00004558.tiff
1048,OSM-MNG-NON_SCHOOL-00002674.tiff
1049,OSM-MNG-NON_SCHOOL-00002828.tiff
1050,OSM-MNG-NON_SCHOOL-00004878.tiff
1051,OVERTURE-MNG-NON_SCHOOL-00000046.tiff
1052,OVERTURE-MNG-NON_SCHOOL-00002070.tiff
1053,OSM-MNG-NON_SCHOOL-00000441.tiff
1054,OSM-MNG-NON_SCHOOL-00000990.tiff
1055,OSM-MNG-NON_SCHOOL-00003386.tiff
1056,OSM-MNG-NON_SCHOOL-00005085.tiff
1057,OSM-MNG-NON_SCHOOL-00003219.tiff
1058,OSM-MNG-NON_SCHOOL-00004038.tiff
1059,OSM-MNG-NON_SCHOOL-00000381.tiff
1060,OSM-MNG-NON_SCHOOL-00003871.tiff
1061,OVERTURE-MNG-NON_SCHOOL-00001324.tiff
1062,OSM-MNG-NON_SCHOOL-00003909.tiff
1063,OSM-MNG-NON_SCHOOL-00004961.tiff
1064,OSM-MNG-NON_SCHOOL-00002364.tiff
1065,OSM-MNG-NON_SCHOOL-00005123.tiff
1066,OSM-MNG-NON_SCHOOL-00005099.tiff
1067,OSM-MNG-NON_SCHOOL-00003434.tiff
1068,OVERTURE-MNG-NON_SCHOOL-00000641.tiff
1069,OSM-MNG-NON_SCHOOL-00003775.tiff
1070,OSM-MNG-NON_SCHOOL-00004943.tiff
1071,OSM-MNG-NON_SCHOOL-00003967.tiff
1072,OSM-MNG-NON_SCHOOL-00001602.tiff
1073,OSM-MNG-NON_SCHOOL-00001297.tiff
1074,OSM-MNG-NON_SCHOOL-00004005.tiff
1075,OSM-MNG-NON_SCHOOL-00001983.tiff
1076,OSM-MNG-NON_SCHOOL-00000619.tiff
1077,OSM-MNG-NON_SCHOOL-00000044.tiff
1078,OSM-MNG-NON_SCHOOL-00000644.tiff
1079,OSM-MNG-NON_SCHOOL-00003627.tiff
1080,OSM-MNG-NON_SCHOOL-00004199.tiff
1081,OSM-MNG-NON_SCHOOL-00001282.tiff
1082,OSM-MNG-NON_SCHOOL-00002072.tiff
1083,OSM-MNG-NON_SCHOOL-00003530.tiff
1084,OSM-MNG-NON_SCHOOL-00005016.tiff
1085,OSM-MNG-NON_SCHOOL-00001451.tiff
1086,OSM-MNG-NON_SCHOOL-00000465.tiff
1087,OSM-MNG-NON_SCHOOL-00004944.tiff
1088,OSM-MNG-NON_SCHOOL-00003127.tiff
1089,OVERTURE-MNG-NON_SCHOOL-00002059.tiff
1090,OVERTURE-MNG-NON_SCHOOL-00000580.tiff
1091,OSM-MNG-NON_SCHOOL-00004864.tiff
1092,OSM-MNG-NON_SCHOOL-00002848.tiff
1093,OSM-MNG-NON_SCHOOL-00005281.tiff
1094,OSM-MNG-NON_SCHOOL-00005355.tiff
1095,OVERTURE-MNG-NON_SCHOOL-00001518.tiff
1096,OSM-MNG-NON_SCHOOL-00002590.tiff
1097,OSM-MNG-NON_SCHOOL-00004617.tiff
1098,OSM-MNG-NON_SCHOOL-00001954.tiff
1099,OVERTURE-MNG-NON_SCHOOL-00000544.tiff
1100,OSM-MNG-NON_SCHOOL-00004026.tiff
1101,OSM-MNG-NON_SCHOOL-00003398.tiff
1102,OSM-MNG-NON_SCHOOL-00002652.tiff
1103,OSM-MNG-NON_SCHOOL-00002982.tiff
1104,OSM-MNG-NON_SCHOOL-00003470.tiff
1105,OVERTURE-MNG-NON_SCHOOL-00001706.tiff
1106,OSM-MNG-NON_SCHOOL-00000080.tiff
1107,OVERTURE-MNG-NON_SCHOOL-00000621.tiff
1108,OSM-MNG-NON_SCHOOL-00002448.tiff
1109,OSM-MNG-NON_SCHOOL-00003745.tiff
1110,OSM-MNG-NON_SCHOOL-00001176.tiff
1111,OSM-MNG-NON_SCHOOL-00000998.tiff
1112,OSM-MNG-NON_SCHOOL-00004203.tiff
1113,OSM-MNG-NON_SCHOOL-00000537.tiff
1114,OSM-MNG-NON_SCHOOL-00000708.tiff
1115,OSM-MNG-NON_SCHOOL-00003575.tiff
1116,OVERTURE-MNG-NON_SCHOOL-00000620.tiff
1117,OSM-MNG-NON_SCHOOL-00002571.tiff
1118,OVERTURE-MNG-NON_SCHOOL-00001749.tiff
1119,OVERTURE-MNG-NON_SCHOOL-00001672.tiff
1120,OSM-MNG-NON_SCHOOL-00003136.tiff
1121,OSM-MNG-NON_SCHOOL-00002809.tiff
1122,OVERTURE-MNG-NON_SCHOOL-00000588.tiff
1123,OVERTURE-MNG-NON_SCHOOL-00000528.tiff
1124,OSM-MNG-NON_SCHOOL-00004004.tiff
1125,OSM-MNG-NON_SCHOOL-00002436.tiff
1126,OSM-MNG-NON_SCHOOL-00002917.tiff
1127,OSM-MNG-NON_SCHOOL-00003825.tiff
1128,OSM-MNG-NON_SCHOOL-00004312.tiff
1129,OSM-MNG-NON_SCHOOL-00003359.tiff
1130,OSM-MNG-NON_SCHOOL-00003737.tiff
1131,OSM-MNG-NON_SCHOOL-00002619.tiff
1132,OSM-MNG-NON_SCHOOL-00002576.tiff
1133,OSM-MNG-NON_SCHOOL-00002251.tiff
1134,OSM-MNG-NON_SCHOOL-00003851.tiff
1135,OSM-MNG-NON_SCHOOL-00000691.tiff
1136,OSM-MNG-NON_SCHOOL-00000659.tiff
1137,OSM-MNG-NON_SCHOOL-00001344.tiff
1138,OSM-MNG-NON_SCHOOL-00000212.tiff
1139,OSM-MNG-NON_SCHOOL-00001828.tiff
1140,OSM-MNG-NON_SCHOOL-00003383.tiff
1141,OSM-MNG-NON_SCHOOL-00003285.tiff
1142,OSM-MNG-NON_SCHOOL-00002760.tiff
1143,OSM-MNG-NON_SCHOOL-00004262.tiff
1144,OVERTURE-MNG-NON_SCHOOL-00000196.tiff
1145,OVERTURE-MNG-NON_SCHOOL-00001984.tiff
1146,OSM-MNG-NON_SCHOOL-00000018.tiff
1147,OSM-MNG-NON_SCHOOL-00002318.tiff
1148,OSM-MNG-NON_SCHOOL-00002555.tiff
1149,OSM-MNG-NON_SCHOOL-00002180.tiff
1150,OSM-MNG-NON_SCHOOL-00004228.tiff
1151,OSM-MNG-NON_SCHOOL-00000091.tiff
1152,OSM-MNG-NON_SCHOOL-00003779.tiff
1153,OSM-MNG-NON_SCHOOL-00001901.tiff
1154,OSM-MNG-NON_SCHOOL-00003533.tiff
1155,OSM-MNG-NON_SCHOOL-00002353.tiff
1156,OSM-MNG-NON_SCHOOL-00002281.tiff
1157,OSM-MNG-NON_SCHOOL-00002685.tiff
1158,OSM-MNG-NON_SCHOOL-00000416.tiff
1159,OSM-MNG-NON_SCHOOL-00003529.tiff
1160,OSM-MNG-NON_SCHOOL-00000131.tiff
1161,OSM-MNG-NON_SCHOOL-00004327.tiff
1162,OSM-MNG-NON_SCHOOL-00004270.tiff
1163,OSM-MNG-NON_SCHOOL-00003232.tiff
1164,OSM-MNG-NON_SCHOOL-00003820.tiff
1165,OSM-MNG-NON_SCHOOL-00004945.tiff
1166,OSM-MNG-NON_SCHOOL-00003375.tiff
1167,OVERTURE-MNG-NON_SCHOOL-00001359.tiff
1168,OSM-MNG-NON_SCHOOL-00002017.tiff
1169,OSM-MNG-NON_SCHOOL-00003205.tiff
1170,OSM-MNG-NON_SCHOOL-00003411.tiff
1171,OSM-MNG-NON_SCHOOL-00000160.tiff
1172,OSM-MNG-NON_SCHOOL-00002789.tiff
1173,OSM-MNG-NON_SCHOOL-00002443.tiff
1174,OSM-MNG-NON_SCHOOL-00000918.tiff
1175,OSM-MNG-NON_SCHOOL-00001132.tiff
1176,OSM-MNG-NON_SCHOOL-00004124.tiff
1177,OSM-MNG-NON_SCHOOL-00000069.tiff
1178,OSM-MNG-NON_SCHOOL-00003709.tiff
1179,OSM-MNG-NON_SCHOOL-00001072.tiff
1180,OSM-MNG-NON_SCHOOL-00000725.tiff
1181,OSM-MNG-NON_SCHOOL-00003629.tiff
1182,OSM-MNG-NON_SCHOOL-00004164.tiff
1183,OSM-MNG-NON_SCHOOL-00003728.tiff
1184,OSM-MNG-NON_SCHOOL-00002509.tiff
1185,OSM-MNG-NON_SCHOOL-00003122.tiff
1186,OVERTURE-MNG-NON_SCHOOL-00001227.tiff
1187,OSM-MNG-NON_SCHOOL-00002282.tiff
1188,OSM-MNG-NON_SCHOOL-00002303.tiff
1189,OSM-MNG-NON_SCHOOL-00000552.tiff
1190,OVERTURE-MNG-NON_SCHOOL-00001074.tiff
1191,OSM-MNG-NON_SCHOOL-00000176.tiff
1192,OSM-MNG-NON_SCHOOL-00005072.tiff
1193,OVERTURE-MNG-NON_SCHOOL-00001716.tiff
1194,OSM-MNG-NON_SCHOOL-00000149.tiff
1195,OSM-MNG-NON_SCHOOL-00004568.tiff
1196,OVERTURE-MNG-NON_SCHOOL-00001735.tiff
1197,OSM-MNG-NON_SCHOOL-00000035.tiff
1198,OSM-MNG-NON_SCHOOL-00003093.tiff
1199,OSM-MNG-NON_SCHOOL-00003432.tiff
1200,OSM-MNG-NON_SCHOOL-00002279.tiff
1201,OSM-MNG-NON_SCHOOL-00000384.tiff
1202,OSM-MNG-NON_SCHOOL-00002317.tiff
1203,OVERTURE-MNG-NON_SCHOOL-00001774.tiff
1204,OSM-MNG-NON_SCHOOL-00005107.tiff
1205,OSM-MNG-NON_SCHOOL-00000277.tiff
1206,OSM-MNG-NON_SCHOOL-00004102.tiff
1207,OSM-MNG-NON_SCHOOL-00001758.tiff
1208,OVERTURE-MNG-NON_SCHOOL-00001540.tiff
1209,OSM-MNG-NON_SCHOOL-00002908.tiff
1210,OSM-MNG-NON_SCHOOL-00001743.tiff
1211,OSM-MNG-NON_SCHOOL-00000560.tiff
1212,OVERTURE-MNG-NON_SCHOOL-00000871.tiff
1213,OSM-MNG-NON_SCHOOL-00000439.tiff
1214,OSM-MNG-NON_SCHOOL-00000150.tiff
1215,OSM-MNG-NON_SCHOOL-00003222.tiff
1216,OSM-MNG-NON_SCHOOL-00003220.tiff
1217,OSM-MNG-NON_SCHOOL-00002434.tiff
1218,OSM-MNG-NON_SCHOOL-00001276.tiff
1219,OSM-MNG-NON_SCHOOL-00002679.tiff
1220,OSM-MNG-NON_SCHOOL-00005325.tiff
1221,OVERTURE-MNG-NON_SCHOOL-00000388.tiff
1222,OSM-MNG-NON_SCHOOL-00004686.tiff
1223,OSM-MNG-NON_SCHOOL-00003488.tiff
1224,OSM-MNG-NON_SCHOOL-00002383.tiff
1225,OSM-MNG-NON_SCHOOL-00003587.tiff
1226,OSM-MNG-NON_SCHOOL-00001925.tiff
1227,OSM-MNG-NON_SCHOOL-00001016.tiff
1228,OSM-MNG-NON_SCHOOL-00004997.tiff
1229,OVERTURE-MNG-NON_SCHOOL-00000428.tiff
1230,OSM-MNG-NON_SCHOOL-00003482.tiff
1231,OSM-MNG-NON_SCHOOL-00005230.tiff
1232,OSM-MNG-NON_SCHOOL-00002697.tiff
1233,OSM-MNG-NON_SCHOOL-00005128.tiff
1234,OSM-MNG-NON_SCHOOL-00002549.tiff
1235,OSM-MNG-NON_SCHOOL-00004828.tiff
1236,OSM-MNG-NON_SCHOOL-00002305.tiff
1237,OVERTURE-MNG-NON_SCHOOL-00001456.tiff
1238,OSM-MNG-NON_SCHOOL-00000723.tiff
1239,OSM-MNG-NON_SCHOOL-00005293.tiff
1240,OSM-MNG-NON_SCHOOL-00000437.tiff
1241,OSM-MNG-NON_SCHOOL-00002522.tiff
1242,OSM-MNG-NON_SCHOOL-00000698.tiff
1243,OSM-MNG-NON_SCHOOL-00000704.tiff
1244,OSM-MNG-NON_SCHOOL-00004286.tiff
1245,OVERTURE-MNG-NON_SCHOOL-00001064.tiff
1246,OSM-MNG-NON_SCHOOL-00000322.tiff
1247,OSM-MNG-NON_SCHOOL-00001711.tiff
1248,OSM-MNG-NON_SCHOOL-00003131.tiff
1249,OSM-MNG-NON_SCHOOL-00000676.tiff
1250,OSM-MNG-NON_SCHOOL-00002360.tiff
1251,OVERTURE-MNG-NON_SCHOOL-00000658.tiff
1252,OSM-MNG-NON_SCHOOL-00005145.tiff
1253,OSM-MNG-NON_SCHOOL-00000185.tiff
1254,OVERTURE-MNG-NON_SCHOOL-00000055.tiff
1255,OSM-MNG-NON_SCHOOL-00001155.tiff
1256,OVERTURE-MNG-NON_SCHOOL-00000160.tiff
1257,OSM-MNG-NON_SCHOOL-00000868.tiff
1258,OSM-MNG-NON_SCHOOL-00000569.tiff
1259,OSM-MNG-NON_SCHOOL-00003811.tiff
1260,OSM-MNG-NON_SCHOOL-00003057.tiff
1261,OSM-MNG-NON_SCHOOL-00003424.tiff
1262,OSM-MNG-NON_SCHOOL-00004891.tiff
1263,OVERTURE-MNG-NON_SCHOOL-00000134.tiff
1264,OSM-MNG-NON_SCHOOL-00002291.tiff
1265,OSM-MNG-NON_SCHOOL-00003767.tiff
1266,OSM-MNG-NON_SCHOOL-00004013.tiff
1267,OSM-MNG-NON_SCHOOL-00004413.tiff
1268,OSM-MNG-NON_SCHOOL-00003822.tiff
1269,OSM-MNG-NON_SCHOOL-00000476.tiff
1270,OSM-MNG-NON_SCHOOL-00004443.tiff
1271,OSM-MNG-NON_SCHOOL-00004035.tiff
1272,OVERTURE-MNG-NON_SCHOOL-00000451.tiff
1273,OSM-MNG-NON_SCHOOL-00000705.tiff
1274,OVERTURE-MNG-NON_SCHOOL-00002012.tiff
1275,OSM-MNG-NON_SCHOOL-00000403.tiff
1276,OSM-MNG-NON_SCHOOL-00003910.tiff
1277,OSM-MNG-NON_SCHOOL-00004354.tiff
1278,OVERTURE-MNG-NON_SCHOOL-00001846.tiff
1279,OSM-MNG-NON_SCHOOL-00001832.tiff
1280,OSM-MNG-NON_SCHOOL-00004896.tiff
1281,OSM-MNG-NON_SCHOOL-00002918.tiff
1282,OSM-MNG-NON_SCHOOL-00003107.tiff
1283,OSM-MNG-NON_SCHOOL-00001156.tiff
1284,OVERTURE-MNG-NON_SCHOOL-00000314.tiff
1285,OSM-MNG-NON_SCHOOL-00002540.tiff
1286,OSM-MNG-NON_SCHOOL-00003762.tiff
1287,OSM-MNG-NON_SCHOOL-00000455.tiff
1288,OSM-MNG-NON_SCHOOL-00002246.tiff
1289,OSM-MNG-NON_SCHOOL-00005179.tiff
1290,OVERTURE-MNG-NON_SCHOOL-00001930.tiff
1291,OSM-MNG-NON_SCHOOL-00002658.tiff
1292,OSM-MNG-NON_SCHOOL-00003803.tiff
1293,OSM-MNG-NON_SCHOOL-00001661.tiff
1294,OVERTURE-MNG-NON_SCHOOL-00000503.tiff
1295,OVERTURE-MNG-NON_SCHOOL-00000222.tiff
1296,OSM-MNG-NON_SCHOOL-00001626.tiff
1297,OSM-MNG-NON_SCHOOL-00004588.tiff
1298,OSM-MNG-NON_SCHOOL-00004141.tiff
1299,OSM-MNG-NON_SCHOOL-00000276.tiff
1300,OVERTURE-MNG-NON_SCHOOL-00000145.tiff
1301,OSM-MNG-NON_SCHOOL-00002919.tiff
1302,OVERTURE-MNG-NON_SCHOOL-00000766.tiff
1303,OVERTURE-MNG-NON_SCHOOL-00000357.tiff
1304,OSM-MNG-NON_SCHOOL-00001848.tiff
1305,OSM-MNG-NON_SCHOOL-00005333.tiff
1306,OSM-MNG-NON_SCHOOL-00000057.tiff
1307,OSM-MNG-NON_SCHOOL-00003314.tiff
1308,OSM-MNG-NON_SCHOOL-00005349.tiff
1309,OSM-MNG-NON_SCHOOL-00005264.tiff
1310,OVERTURE-MNG-NON_SCHOOL-00001615.tiff
1311,OSM-MNG-NON_SCHOOL-00003504.tiff
1312,OSM-MNG-NON_SCHOOL-00000138.tiff
1313,OSM-MNG-NON_SCHOOL-00000664.tiff
1314,OSM-MNG-NON_SCHOOL-00001707.tiff
1315,OSM-MNG-NON_SCHOOL-00002288.tiff
1316,OSM-MNG-NON_SCHOOL-00005131.tiff
1317,OVERTURE-MNG-NON_SCHOOL-00000711.tiff
1318,OSM-MNG-NON_SCHOOL-00005162.tiff
1319,OSM-MNG-NON_SCHOOL-00003906.tiff
1320,OSM-MNG-NON_SCHOOL-00002875.tiff
1321,OSM-MNG-NON_SCHOOL-00004606.tiff
1322,OSM-MNG-NON_SCHOOL-00000287.tiff
1323,OVERTURE-MNG-NON_SCHOOL-00001715.tiff
1324,OSM-MNG-NON_SCHOOL-00004433.tiff
1325,OSM-MNG-NON_SCHOOL-00002823.tiff
1326,OVERTURE-MNG-NON_SCHOOL-00001411.tiff
1327,OSM-MNG-NON_SCHOOL-00004291.tiff
1328,OSM-MNG-NON_SCHOOL-00001970.tiff
1329,OSM-MNG-NON_SCHOOL-00005054.tiff
1330,OSM-MNG-NON_SCHOOL-00000764.tiff
1331,OSM-MNG-NON_SCHOOL-00001402.tiff
1332,OSM-MNG-NON_SCHOOL-00002560.tiff
1333,OSM-MNG-NON_SCHOOL-00003908.tiff
1334,OSM-MNG-NON_SCHOOL-00000654.tiff
1335,OVERTURE-MNG-NON_SCHOOL-00000729.tiff
1336,OSM-MNG-NON_SCHOOL-00002121.tiff
1337,OSM-MNG-NON_SCHOOL-00003452.tiff
1338,OSM-MNG-NON_SCHOOL-00003700.tiff
1339,OSM-MNG-NON_SCHOOL-00000622.tiff
1340,OSM-MNG-NON_SCHOOL-00005256.tiff
1341,OSM-MNG-NON_SCHOOL-00004862.tiff
1342,OSM-MNG-NON_SCHOOL-00004017.tiff
1343,OSM-MNG-NON_SCHOOL-00004113.tiff
1344,OSM-MNG-NON_SCHOOL-00004501.tiff
1345,OSM-MNG-NON_SCHOOL-00000189.tiff
1346,OSM-MNG-NON_SCHOOL-00001148.tiff
1347,OVERTURE-MNG-NON_SCHOOL-00001662.tiff
1348,OSM-MNG-NON_SCHOOL-00001017.tiff
1349,OSM-MNG-NON_SCHOOL-00003044.tiff
1350,OSM-MNG-NON_SCHOOL-00001253.tiff
1351,OVERTURE-MNG-NON_SCHOOL-00001387.tiff
1352,OSM-MNG-NON_SCHOOL-00004496.tiff
1353,OSM-MNG-NON_SCHOOL-00001024.tiff
1354,OSM-MNG-NON_SCHOOL-00001345.tiff
1355,OSM-MNG-NON_SCHOOL-00004938.tiff
1356,OSM-MNG-NON_SCHOOL-00004756.tiff
1357,OSM-MNG-NON_SCHOOL-00000875.tiff
1358,OSM-MNG-NON_SCHOOL-00004457.tiff
1359,OSM-MNG-NON_SCHOOL-00004191.tiff
1360,OSM-MNG-NON_SCHOOL-00002869.tiff
1361,OSM-MNG-NON_SCHOOL-00000470.tiff
1362,OSM-MNG-NON_SCHOOL-00003545.tiff
1363,OSM-MNG-NON_SCHOOL-00003381.tiff
1364,OSM-MNG-NON_SCHOOL-00005356.tiff
1365,OVERTURE-MNG-NON_SCHOOL-00000739.tiff
1366,OSM-MNG-NON_SCHOOL-00004481.tiff
1367,OSM-MNG-NON_SCHOOL-00004267.tiff
1368,OSM-MNG-NON_SCHOOL-00003425.tiff
1369,OSM-MNG-NON_SCHOOL-00003708.tiff
1370,OSM-MNG-NON_SCHOOL-00004510.tiff
1371,OSM-MNG-NON_SCHOOL-00000612.tiff
1372,OSM-MNG-NON_SCHOOL-00003028.tiff
1373,OVERTURE-MNG-NON_SCHOOL-00000808.tiff
1374,OSM-MNG-NON_SCHOOL-00003116.tiff
1375,OSM-MNG-NON_SCHOOL-00004251.tiff
1376,OSM-MNG-NON_SCHOOL-00003287.tiff
1377,OSM-MNG-NON_SCHOOL-00003807.tiff
1378,OSM-MNG-NON_SCHOOL-00002551.tiff
1379,OSM-MNG-NON_SCHOOL-00001826.tiff
1380,OSM-MNG-NON_SCHOOL-00003202.tiff
1381,OSM-MNG-NON_SCHOOL-00000620.tiff
1382,OVERTURE-MNG-NON_SCHOOL-00001985.tiff
1383,OVERTURE-MNG-NON_SCHOOL-00001135.tiff
1384,OVERTURE-MNG-NON_SCHOOL-00002043.tiff
1385,OVERTURE-MNG-NON_SCHOOL-00001412.tiff
1386,OSM-MNG-NON_SCHOOL-00000690.tiff
1387,OVERTURE-MNG-NON_SCHOOL-00000027.tiff
1388,OSM-MNG-NON_SCHOOL-00004350.tiff
1389,OVERTURE-MNG-NON_SCHOOL-00001141.tiff
1390,OSM-MNG-NON_SCHOOL-00002902.tiff
1391,OSM-MNG-NON_SCHOOL-00002442.tiff
1392,OSM-MNG-NON_SCHOOL-00003853.tiff
1393,OSM-MNG-NON_SCHOOL-00000727.tiff
1394,OSM-MNG-NON_SCHOOL-00004145.tiff
1395,OSM-MNG-NON_SCHOOL-00004966.tiff
1396,OSM-MNG-NON_SCHOOL-00000190.tiff
1397,OVERTURE-MNG-NON_SCHOOL-00000554.tiff
1398,OSM-MNG-NON_SCHOOL-00002361.tiff
1399,OSM-MNG-NON_SCHOOL-00001792.tiff
1400,OVERTURE-MNG-NON_SCHOOL-00002003.tiff
1401,OSM-MNG-NON_SCHOOL-00004155.tiff
1402,OSM-MNG-NON_SCHOOL-00004361.tiff
1403,OSM-MNG-NON_SCHOOL-00000350.tiff
1404,OSM-MNG-NON_SCHOOL-00004347.tiff
1405,OSM-MNG-NON_SCHOOL-00000148.tiff
1406,OSM-MNG-NON_SCHOOL-00000624.tiff
1407,OSM-MNG-NON_SCHOOL-00003710.tiff
1408,OSM-MNG-NON_SCHOOL-00002183.tiff
1409,OSM-MNG-NON_SCHOOL-00003062.tiff
1410,OSM-MNG-NON_SCHOOL-00002637.tiff
1411,OSM-MNG-NON_SCHOOL-00004022.tiff
1412,OSM-MNG-NON_SCHOOL-00003379.tiff
1413,OSM-MNG-NON_SCHOOL-00004827.tiff
1414,OSM-MNG-NON_SCHOOL-00000130.tiff
1415,OSM-MNG-NON_SCHOOL-00000147.tiff
1416,OSM-MNG-NON_SCHOOL-00005006.tiff
1417,OSM-MNG-NON_SCHOOL-00002147.tiff
1418,OVERTURE-MNG-NON_SCHOOL-00001720.tiff
1419,OSM-MNG-NON_SCHOOL-00003976.tiff
1420,OSM-MNG-NON_SCHOOL-00000559.tiff
1421,OSM-MNG-NON_SCHOOL-00000088.tiff
1422,OSM-MNG-NON_SCHOOL-00001264.tiff
1423,OSM-MNG-NON_SCHOOL-00005323.tiff
1424,OVERTURE-MNG-NON_SCHOOL-00001931.tiff
1425,OSM-MNG-NON_SCHOOL-00002529.tiff
1426,OSM-MNG-NON_SCHOOL-00005049.tiff
1427,OSM-MNG-NON_SCHOOL-00004379.tiff
1428,OVERTURE-MNG-NON_SCHOOL-00000745.tiff
1429,OSM-MNG-NON_SCHOOL-00001118.tiff
1430,OSM-MNG-NON_SCHOOL-00004333.tiff
1431,OSM-MNG-NON_SCHOOL-00004260.tiff
1432,OSM-MNG-NON_SCHOOL-00002588.tiff
1433,OSM-MNG-NON_SCHOOL-00000249.tiff
1434,OSM-MNG-NON_SCHOOL-00003474.tiff
1435,OSM-MNG-NON_SCHOOL-00002974.tiff
1436,OVERTURE-MNG-NON_SCHOOL-00000656.tiff
1437,OSM-MNG-NON_SCHOOL-00000675.tiff
1438,OSM-MNG-NON_SCHOOL-00000838.tiff
1439,OSM-MNG-NON_SCHOOL-00002508.tiff
1440,OSM-MNG-NON_SCHOOL-00003223.tiff
1441,OVERTURE-MNG-NON_SCHOOL-00000827.tiff
1442,OSM-MNG-NON_SCHOOL-00004128.tiff
1443,OSM-MNG-NON_SCHOOL-00000779.tiff
1444,OVERTURE-MNG-NON_SCHOOL-00001348.tiff
1445,OSM-MNG-NON_SCHOOL-00000607.tiff
1446,OVERTURE-MNG-NON_SCHOOL-00000106.tiff
1447,OSM-MNG-NON_SCHOOL-00004667.tiff
1448,OSM-MNG-NON_SCHOOL-00002237.tiff
1449,OSM-MNG-NON_SCHOOL-00000157.tiff
1450,OSM-MNG-NON_SCHOOL-00002358.tiff
1451,OVERTURE-MNG-NON_SCHOOL-00000693.tiff
1452,OVERTURE-MNG-NON_SCHOOL-00001288.tiff
1453,OSM-MNG-NON_SCHOOL-00004522.tiff
1454,OSM-MNG-NON_SCHOOL-00004215.tiff
1455,OSM-MNG-NON_SCHOOL-00002276.tiff
1456,OVERTURE-MNG-NON_SCHOOL-00000778.tiff
1457,OSM-MNG-NON_SCHOOL-00002966.tiff
1458,OVERTURE-MNG-NON_SCHOOL-00001914.tiff
1459,OSM-MNG-NON_SCHOOL-00002687.tiff
1460,OSM-MNG-NON_SCHOOL-00004100.tiff
1461,OSM-MNG-NON_SCHOOL-00002662.tiff
1462,OVERTURE-MNG-NON_SCHOOL-00001608.tiff
1463,OSM-MNG-NON_SCHOOL-00003082.tiff
1464,OSM-MNG-NON_SCHOOL-00001949.tiff
1465,OSM-MNG-NON_SCHOOL-00001752.tiff
1466,OSM-MNG-NON_SCHOOL-00002934.tiff
1467,OSM-MNG-NON_SCHOOL-00001543.tiff
1468,OSM-MNG-NON_SCHOOL-00003777.tiff
1469,OSM-MNG-NON_SCHOOL-00000079.tiff
1470,OSM-MNG-NON_SCHOOL-00002640.tiff
1471,OSM-MNG-NON_SCHOOL-00004417.tiff
1472,OVERTURE-MNG-NON_SCHOOL-00000383.tiff
1473,OSM-MNG-NON_SCHOOL-00004773.tiff
1474,OSM-MNG-NON_SCHOOL-00001033.tiff
1475,OSM-MNG-NON_SCHOOL-00001113.tiff
1476,OSM-MNG-NON_SCHOOL-00000847.tiff
1477,OVERTURE-MNG-NON_SCHOOL-00000534.tiff
1478,OVERTURE-MNG-NON_SCHOOL-00000747.tiff
1479,OSM-MNG-NON_SCHOOL-00001051.tiff
1480,OVERTURE-MNG-NON_SCHOOL-00000985.tiff
1481,OSM-MNG-NON_SCHOOL-00000202.tiff
1482,OSM-MNG-NON_SCHOOL-00005048.tiff
1483,OSM-MNG-NON_SCHOOL-00001315.tiff
1484,OSM-MNG-NON_SCHOOL-00003992.tiff
1485,OVERTURE-MNG-NON_SCHOOL-00001679.tiff
1486,OSM-MNG-NON_SCHOOL-00003585.tiff
1487,OSM-MNG-NON_SCHOOL-00003848.tiff
1488,OSM-MNG-NON_SCHOOL-00001023.tiff
1489,OSM-MNG-NON_SCHOOL-00004376.tiff
1490,OSM-MNG-NON_SCHOOL-00001025.tiff
1491,OVERTURE-MNG-NON_SCHOOL-00000585.tiff
1492,OSM-MNG-NON_SCHOOL-00001877.tiff
1493,OSM-MNG-NON_SCHOOL-00000353.tiff
1494,OVERTURE-MNG-NON_SCHOOL-00001498.tiff
1495,OSM-MNG-NON_SCHOOL-00002837.tiff
1496,OSM-MNG-NON_SCHOOL-00004673.tiff
1497,OSM-MNG-NON_SCHOOL-00000015.tiff
1498,OSM-MNG-NON_SCHOOL-00004218.tiff
1499,OSM-MNG-NON_SCHOOL-00000628.tiff
1500,OSM-MNG-NON_SCHOOL-00000937.tiff
1501,OSM-MNG-NON_SCHOOL-00000540.tiff
1502,OSM-MNG-NON_SCHOOL-00001864.tiff
1503,OSM-MNG-NON_SCHOOL-00004316.tiff
1504,OSM-MNG-NON_SCHOOL-00001722.tiff
1505,OSM-MNG-NON_SCHOOL-00004877.tiff
1506,OSM-MNG-NON_SCHOOL-00005000.tiff
1507,OSM-MNG-NON_SCHOOL-00002430.tiff
1508,OVERTURE-MNG-NON_SCHOOL-00001539.tiff
1509,OSM-MNG-NON_SCHOOL-00002707.tiff
1510,OSM-MNG-NON_SCHOOL-00003417.tiff
1511,OSM-MNG-NON_SCHOOL-00000024.tiff
1512,OSM-MNG-NON_SCHOOL-00000268.tiff
1513,OSM-MNG-NON_SCHOOL-00002312.tiff
1514,OSM-MNG-NON_SCHOOL-00000671.tiff
1515,OSM-MNG-NON_SCHOOL-00001950.tiff
1516,OSM-MNG-NON_SCHOOL-00004271.tiff
1517,OSM-MNG-NON_SCHOOL-00003433.tiff
1518,OSM-MNG-NON_SCHOOL-00000908.tiff
1519,OSM-MNG-NON_SCHOOL-00004988.tiff
1520,OSM-MNG-NON_SCHOOL-00003898.tiff
1521,OSM-MNG-NON_SCHOOL-00003002.tiff
1522,OVERTURE-MNG-NON_SCHOOL-00000690.tiff
1523,OVERTURE-MNG-NON_SCHOOL-00001803.tiff
1524,OSM-MNG-NON_SCHOOL-00002680.tiff
1525,OSM-MNG-NON_SCHOOL-00002366.tiff
1526,OSM-MNG-NON_SCHOOL-00004897.tiff
1527,OSM-MNG-NON_SCHOOL-00000175.tiff
1528,OSM-MNG-NON_SCHOOL-00003036.tiff
1529,OSM-MNG-NON_SCHOOL-00005115.tiff
1530,OVERTURE-MNG-NON_SCHOOL-00001902.tiff
1531,OSM-MNG-NON_SCHOOL-00002912.tiff
1532,OSM-MNG-NON_SCHOOL-00000214.tiff
1533,OSM-MNG-NON_SCHOOL-00003765.tiff
1534,OVERTURE-MNG-NON_SCHOOL-00000769.tiff
1535,OVERTURE-MNG-NON_SCHOOL-00001954.tiff
1536,OSM-MNG-NON_SCHOOL-00000535.tiff
1537,OVERTURE-MNG-NON_SCHOOL-00001797.tiff
1538,OSM-MNG-NON_SCHOOL-00004971.tiff
1539,OSM-MNG-NON_SCHOOL-00002899.tiff
1540,OVERTURE-MNG-NON_SCHOOL-00000573.tiff
1541,OVERTURE-MNG-NON_SCHOOL-00001173.tiff
1542,OSM-MNG-NON_SCHOOL-00004547.tiff
1543,OSM-MNG-NON_SCHOOL-00002226.tiff
1544,OSM-MNG-NON_SCHOOL-00000460.tiff
1545,OSM-MNG-NON_SCHOOL-00004461.tiff
1546,OSM-MNG-NON_SCHOOL-00004249.tiff
1547,OSM-MNG-NON_SCHOOL-00003968.tiff
1548,OSM-MNG-NON_SCHOOL-00003549.tiff
1549,OVERTURE-MNG-NON_SCHOOL-00001380.tiff
1550,OSM-MNG-NON_SCHOOL-00004599.tiff
1551,OSM-MNG-NON_SCHOOL-00000267.tiff
1552,OSM-MNG-NON_SCHOOL-00002220.tiff
1553,OSM-MNG-NON_SCHOOL-00003548.tiff
1554,OSM-MNG-NON_SCHOOL-00005122.tiff
1555,OSM-MNG-NON_SCHOOL-00000494.tiff
1556,OSM-MNG-NON_SCHOOL-00002475.tiff
1557,OSM-MNG-NON_SCHOOL-00004222.tiff
1558,OSM-MNG-NON_SCHOOL-00003016.tiff
1559,OVERTURE-MNG-NON_SCHOOL-00002062.tiff
1560,OSM-MNG-NON_SCHOOL-00002796.tiff
1561,OSM-MNG-NON_SCHOOL-00000906.tiff
1562,OSM-MNG-NON_SCHOOL-00002294.tiff
1563,OSM-MNG-NON_SCHOOL-00000447.tiff
1564,OSM-MNG-NON_SCHOOL-00002363.tiff
1565,OSM-MNG-NON_SCHOOL-00003938.tiff
1566,OSM-MNG-NON_SCHOOL-00005195.tiff
1567,OSM-MNG-NON_SCHOOL-00002801.tiff
1568,OSM-MNG-NON_SCHOOL-00002603.tiff
1569,OSM-MNG-NON_SCHOOL-00000666.tiff
1570,OSM-MNG-NON_SCHOOL-00004953.tiff
1571,OSM-MNG-NON_SCHOOL-00002887.tiff
1572,OSM-MNG-NON_SCHOOL-00004198.tiff
1573,OSM-MNG-NON_SCHOOL-00003324.tiff
1574,OSM-MNG-NON_SCHOOL-00000325.tiff
1575,OSM-MNG-NON_SCHOOL-00005385.tiff
1576,OSM-MNG-NON_SCHOOL-00002314.tiff
1577,OSM-MNG-NON_SCHOOL-00000215.tiff
1578,OSM-MNG-NON_SCHOOL-00003004.tiff
1579,OSM-MNG-NON_SCHOOL-00001161.tiff
1580,OSM-MNG-NON_SCHOOL-00000696.tiff
1581,OSM-MNG-NON_SCHOOL-00000093.tiff
1582,OSM-MNG-NON_SCHOOL-00002471.tiff
1583,OSM-MNG-NON_SCHOOL-00000258.tiff
1584,OSM-MNG-NON_SCHOOL-00004893.tiff
1585,OSM-MNG-NON_SCHOOL-00000053.tiff
1586,OSM-MNG-NON_SCHOOL-00004978.tiff
1587,OSM-MNG-NON_SCHOOL-00002895.tiff
1588,OSM-MNG-NON_SCHOOL-00004015.tiff
1589,OSM-MNG-NON_SCHOOL-00002635.tiff
1590,OSM-MNG-NON_SCHOOL-00003756.tiff
1591,OSM-MNG-NON_SCHOOL-00001044.tiff
1592,OSM-MNG-NON_SCHOOL-00000186.tiff
1593,OSM-MNG-NON_SCHOOL-00003118.tiff
1594,OSM-MNG-NON_SCHOOL-00004079.tiff
1595,OSM-MNG-NON_SCHOOL-00000313.tiff
1596,OSM-MNG-NON_SCHOOL-00002666.tiff
1597,OSM-MNG-NON_SCHOOL-00003296.tiff
1598,OVERTURE-MNG-NON_SCHOOL-00000971.tiff
1599,OSM-MNG-NON_SCHOOL-00004959.tiff
1600,OSM-MNG-NON_SCHOOL-00001099.tiff
1601,OVERTURE-MNG-NON_SCHOOL-00001601.tiff
1602,OSM-MNG-NON_SCHOOL-00003395.tiff
1603,OSM-MNG-NON_SCHOOL-00001715.tiff
1604,OSM-MNG-NON_SCHOOL-00004989.tiff
1605,OSM-MNG-NON_SCHOOL-00003826.tiff
1606,OSM-MNG-NON_SCHOOL-00005378.tiff
1607,OSM-MNG-NON_SCHOOL-00002889.tiff
1608,OSM-MNG-NON_SCHOOL-00000036.tiff
1609,OSM-MNG-NON_SCHOOL-00000164.tiff
1610,OSM-MNG-NON_SCHOOL-00003006.tiff
1611,OSM-MNG-NON_SCHOOL-00004593.tiff
1612,OVERTURE-MNG-NON_SCHOOL-00001825.tiff
1613,OVERTURE-MNG-NON_SCHOOL-00001659.tiff
1614,OSM-MNG-NON_SCHOOL-00003974.tiff
1615,OSM-MNG-NON_SCHOOL-00000282.tiff
1616,OSM-MNG-NON_SCHOOL-00002245.tiff
1617,OSM-MNG-NON_SCHOOL-00005030.tiff
1618,OSM-MNG-NON_SCHOOL-00004594.tiff
1619,OSM-MNG-NON_SCHOOL-00001437.tiff
1620,OSM-MNG-NON_SCHOOL-00003865.tiff
1621,OSM-MNG-NON_SCHOOL-00003370.tiff
1622,OSM-MNG-NON_SCHOOL-00005295.tiff
1623,OSM-MNG-NON_SCHOOL-00004008.tiff
1624,OSM-MNG-NON_SCHOOL-00000795.tiff
1625,OSM-MNG-NON_SCHOOL-00005113.tiff
1626,OSM-MNG-NON_SCHOOL-00003574.tiff
1627,OSM-MNG-NON_SCHOOL-00004178.tiff
1628,OVERTURE-MNG-NON_SCHOOL-00000935.tiff
1629,OSM-MNG-NON_SCHOOL-00003542.tiff
1630,OSM-MNG-NON_SCHOOL-00002615.tiff
1631,OSM-MNG-NON_SCHOOL-00003097.tiff
1632,OSM-MNG-NON_SCHOOL-00003719.tiff
1633,OSM-MNG-NON_SCHOOL-00004825.tiff
1634,OSM-MNG-NON_SCHOOL-00005314.tiff
1635,OVERTURE-MNG-NON_SCHOOL-00000216.tiff
1636,OVERTURE-MNG-NON_SCHOOL-00000433.tiff
1637,OSM-MNG-NON_SCHOOL-00003490.tiff
1638,OSM-MNG-NON_SCHOOL-00000509.tiff
1639,OSM-MNG-NON_SCHOOL-00005357.tiff
1640,OSM-MNG-NON_SCHOOL-00001622.tiff
1641,OSM-MNG-NON_SCHOOL-00001250.tiff
1642,OSM-MNG-NON_SCHOOL-00002520.tiff
1643,OSM-MNG-NON_SCHOOL-00003638.tiff
1644,OSM-MNG-NON_SCHOOL-00001655.tiff
1645,OVERTURE-MNG-NON_SCHOOL-00001969.tiff
1646,OSM-MNG-NON_SCHOOL-00004874.tiff
1647,OSM-MNG-NON_SCHOOL-00003390.tiff
1648,OSM-MNG-NON_SCHOOL-00004957.tiff
1649,OSM-MNG-NON_SCHOOL-00002547.tiff
1650,OSM-MNG-NON_SCHOOL-00001388.tiff
1651,OSM-MNG-NON_SCHOOL-00004561.tiff
1652,OSM-MNG-NON_SCHOOL-00004332.tiff
1653,OSM-MNG-NON_SCHOOL-00000855.tiff
1654,OSM-MNG-NON_SCHOOL-00001887.tiff
1655,OVERTURE-MNG-NON_SCHOOL-00001342.tiff
1656,OSM-MNG-NON_SCHOOL-00002518.tiff
1657,OSM-MNG-NON_SCHOOL-00001151.tiff
1658,OSM-MNG-NON_SCHOOL-00001175.tiff
1659,OSM-MNG-NON_SCHOOL-00000660.tiff
1660,OSM-MNG-NON_SCHOOL-00002359.tiff
1661,OSM-MNG-NON_SCHOOL-00005069.tiff
1662,OSM-MNG-NON_SCHOOL-00005103.tiff
1663,OSM-MNG-NON_SCHOOL-00000652.tiff
1664,OSM-MNG-NON_SCHOOL-00003382.tiff
1665,OSM-MNG-NON_SCHOOL-00003189.tiff
1666,OSM-MNG-NON_SCHOOL-00003477.tiff
1667,OSM-MNG-NON_SCHOOL-00000359.tiff
1668,OVERTURE-MNG-NON_SCHOOL-00001315.tiff
1669,OSM-MNG-NON_SCHOOL-00002739.tiff
1670,OSM-MNG-NON_SCHOOL-00000643.tiff
1671,OSM-MNG-NON_SCHOOL-00004620.tiff
1672,OSM-MNG-NON_SCHOOL-00004465.tiff
1673,OVERTURE-MNG-NON_SCHOOL-00002155.tiff
1674,OVERTURE-MNG-NON_SCHOOL-00001927.tiff
1675,OSM-MNG-NON_SCHOOL-00001015.tiff
1676,OSM-MNG-NON_SCHOOL-00000563.tiff
1677,OSM-MNG-NON_SCHOOL-00002513.tiff
1678,OSM-MNG-NON_SCHOOL-00001606.tiff
1679,OSM-MNG-NON_SCHOOL-00003444.tiff
1680,OSM-MNG-NON_SCHOOL-00000581.tiff
1681,OSM-MNG-NON_SCHOOL-00004784.tiff
1682,OVERTURE-MNG-NON_SCHOOL-00001897.tiff
1683,OSM-MNG-NON_SCHOOL-00002668.tiff
1684,OSM-MNG-NON_SCHOOL-00004029.tiff
1685,OSM-MNG-NON_SCHOOL-00000104.tiff
1686,OSM-MNG-NON_SCHOOL-00003204.tiff
1687,OVERTURE-MNG-NON_SCHOOL-00000056.tiff
1688,OSM-MNG-NON_SCHOOL-00005313.tiff
1689,OSM-MNG-NON_SCHOOL-00004567.tiff
1690,OSM-MNG-NON_SCHOOL-00004057.tiff
1691,OSM-MNG-NON_SCHOOL-00002808.tiff
1692,OSM-MNG-NON_SCHOOL-00000213.tiff
1693,OSM-MNG-NON_SCHOOL-00004105.tiff
1694,OVERTURE-MNG-NON_SCHOOL-00001251.tiff
1695,OVERTURE-MNG-NON_SCHOOL-00000976.tiff
1696,OSM-MNG-NON_SCHOOL-00002504.tiff
1697,OVERTURE-MNG-NON_SCHOOL-00001644.tiff
1698,OSM-MNG-NON_SCHOOL-00003671.tiff
1699,OSM-MNG-NON_SCHOOL-00003736.tiff
1700,OSM-MNG-NON_SCHOOL-00001181.tiff
1701,OVERTURE-MNG-NON_SCHOOL-00000602.tiff
1702,OSM-MNG-NON_SCHOOL-00002310.tiff
1703,OSM-MNG-NON_SCHOOL-00004377.tiff
1704,OSM-MNG-NON_SCHOOL-00000533.tiff
1705,OVERTURE-MNG-NON_SCHOOL-00001791.tiff
1706,OVERTURE-MNG-NON_SCHOOL-00001903.tiff
1707,OSM-MNG-NON_SCHOOL-00000134.tiff
1708,OSM-MNG-NON_SCHOOL-00003038.tiff
1709,OVERTURE-MNG-NON_SCHOOL-00000418.tiff
1710,OVERTURE-MNG-NON_SCHOOL-00000328.tiff
1711,OSM-MNG-NON_SCHOOL-00003733.tiff
1712,OSM-MNG-NON_SCHOOL-00003208.tiff
1713,OSM-MNG-NON_SCHOOL-00000136.tiff
1714,OSM-MNG-NON_SCHOOL-00004824.tiff
1715,OSM-MNG-NON_SCHOOL-00003678.tiff
1716,OSM-MNG-NON_SCHOOL-00003162.tiff
1717,OSM-MNG-NON_SCHOOL-00003412.tiff
1718,OSM-MNG-NON_SCHOOL-00005080.tiff
1719,OSM-MNG-NON_SCHOOL-00003988.tiff
1720,OVERTURE-MNG-NON_SCHOOL-00001631.tiff
1721,OSM-MNG-NON_SCHOOL-00000127.tiff
1722,OSM-MNG-NON_SCHOOL-00005077.tiff
1723,OSM-MNG-NON_SCHOOL-00001160.tiff
1724,OSM-MNG-NON_SCHOOL-00001905.tiff
1725,OSM-MNG-NON_SCHOOL-00002530.tiff
1726,OSM-MNG-NON_SCHOOL-00000721.tiff
1727,OSM-MNG-NON_SCHOOL-00001963.tiff
1728,OSM-MNG-NON_SCHOOL-00000226.tiff
1729,OSM-MNG-NON_SCHOOL-00000544.tiff
1730,OSM-MNG-NON_SCHOOL-00004257.tiff
1731,OSM-MNG-NON_SCHOOL-00003288.tiff
1732,OSM-MNG-NON_SCHOOL-00001343.tiff
1733,OSM-MNG-NON_SCHOOL-00005216.tiff
1734,OSM-MNG-NON_SCHOOL-00005074.tiff
1735,OSM-MNG-NON_SCHOOL-00003658.tiff
1736,OSM-MNG-NON_SCHOOL-00003471.tiff
1737,OSM-MNG-NON_SCHOOL-00000662.tiff
1738,OSM-MNG-NON_SCHOOL-00004502.tiff
1739,OSM-MNG-NON_SCHOOL-00001845.tiff
1740,OSM-MNG-NON_SCHOOL-00001027.tiff
1741,OSM-MNG-NON_SCHOOL-00000290.tiff
1742,OSM-MNG-NON_SCHOOL-00003694.tiff
1743,OSM-MNG-NON_SCHOOL-00001930.tiff
1744,OSM-MNG-NON_SCHOOL-00003917.tiff
1745,OSM-MNG-NON_SCHOOL-00002408.tiff
1746,OSM-MNG-NON_SCHOOL-00001745.tiff
1747,OSM-MNG-NON_SCHOOL-00004040.tiff
1748,OSM-MNG-NON_SCHOOL-00002884.tiff
1749,OSM-MNG-NON_SCHOOL-00001701.tiff
1750,OSM-MNG-NON_SCHOOL-00002681.tiff
1751,OSM-MNG-NON_SCHOOL-00000846.tiff
1752,OSM-MNG-NON_SCHOOL-00004999.tiff
1753,OSM-MNG-NON_SCHOOL-00003873.tiff
1754,OSM-MNG-NON_SCHOOL-00000717.tiff
1755,OSM-MNG-NON_SCHOOL-00001656.tiff
1756,OSM-MNG-NON_SCHOOL-00000673.tiff
1757,OSM-MNG-NON_SCHOOL-00000227.tiff
1758,OSM-MNG-NON_SCHOOL-00000488.tiff
1759,OSM-MNG-NON_SCHOOL-00001511.tiff
1760,OSM-MNG-NON_SCHOOL-00003374.tiff
1761,OVERTURE-MNG-NON_SCHOOL-00000806.tiff
1762,OSM-MNG-NON_SCHOOL-00004152.tiff
1763,OSM-MNG-NON_SCHOOL-00000701.tiff
1764,OVERTURE-MNG-NON_SCHOOL-00001389.tiff
1765,OSM-MNG-NON_SCHOOL-00005217.tiff
1766,OSM-MNG-NON_SCHOOL-00002236.tiff
1767,OSM-MNG-NON_SCHOOL-00000589.tiff
1768,OSM-MNG-NON_SCHOOL-00002606.tiff
1769,OSM-MNG-NON_SCHOOL-00002479.tiff
1770,OSM-MNG-NON_SCHOOL-00005161.tiff
1771,OSM-MNG-NON_SCHOOL-00001336.tiff
1772,OSM-MNG-NON_SCHOOL-00002099.tiff
1773,OSM-MNG-NON_SCHOOL-00000703.tiff
1774,OSM-MNG-NON_SCHOOL-00000156.tiff
1775,OSM-MNG-NON_SCHOOL-00000387.tiff
1776,OSM-MNG-NON_SCHOOL-00002478.tiff
1777,OSM-MNG-NON_SCHOOL-00000634.tiff
1778,OSM-MNG-NON_SCHOOL-00001060.tiff
1779,OSM-MNG-NON_SCHOOL-00002546.tiff
1780,OSM-MNG-NON_SCHOOL-00005213.tiff
1781,OSM-MNG-NON_SCHOOL-00003866.tiff
1782,OVERTURE-MNG-NON_SCHOOL-00000611.tiff
1783,OSM-MNG-NON_SCHOOL-00004193.tiff
1784,OVERTURE-MNG-NON_SCHOOL-00000446.tiff
1785,OSM-MNG-NON_SCHOOL-00001911.tiff
1786,OSM-MNG-NON_SCHOOL-00001666.tiff
1787,OSM-MNG-NON_SCHOOL-00002810.tiff
1788,OSM-MNG-NON_SCHOOL-00004134.tiff
1789,OVERTURE-MNG-NON_SCHOOL-00001822.tiff
1790,OSM-MNG-NON_SCHOOL-00003011.tiff
1791,OSM-MNG-NON_SCHOOL-00005328.tiff
1792,OVERTURE-MNG-NON_SCHOOL-00001335.tiff
1793,OSM-MNG-NON_SCHOOL-00000886.tiff
1794,OVERTURE-MNG-NON_SCHOOL-00000674.tiff
1795,OSM-MNG-NON_SCHOOL-00001163.tiff
1796,OSM-MNG-NON_SCHOOL-00003577.tiff
1797,OSM-MNG-NON_SCHOOL-00000090.tiff
1798,OVERTURE-MNG-NON_SCHOOL-00000509.tiff
1799,OSM-MNG-NON_SCHOOL-00001841.tiff
1800,OSM-MNG-NON_SCHOOL-00003725.tiff
1801,OSM-MNG-NON_SCHOOL-00000275.tiff
1802,OVERTURE-MNG-NON_SCHOOL-00002064.tiff
1803,OSM-MNG-NON_SCHOOL-00003573.tiff
1804,OSM-MNG-NON_SCHOOL-00003200.tiff
1805,OSM-MNG-NON_SCHOOL-00005252.tiff
1806,OSM-MNG-NON_SCHOOL-00005336.tiff
1807,OSM-MNG-NON_SCHOOL-00003233.tiff
1808,OSM-MNG-NON_SCHOOL-00005266.tiff
1809,OSM-MNG-NON_SCHOOL-00000254.tiff
1810,OSM-MNG-NON_SCHOOL-00005026.tiff
1811,OVERTURE-MNG-NON_SCHOOL-00002150.tiff
1812,OSM-MNG-NON_SCHOOL-00004373.tiff
1813,OSM-MNG-NON_SCHOOL-00003280.tiff
1814,OSM-MNG-NON_SCHOOL-00004427.tiff
1815,OSM-MNG-NON_SCHOOL-00000876.tiff
1816,OSM-MNG-NON_SCHOOL-00004187.tiff
1817,OSM-MNG-NON_SCHOOL-00002354.tiff
1818,OSM-MNG-NON_SCHOOL-00003289.tiff
1819,OSM-MNG-NON_SCHOOL-00003791.tiff
1820,OSM-MNG-NON_SCHOOL-00002746.tiff
1821,OSM-MNG-NON_SCHOOL-00004680.tiff
1822,OSM-MNG-NON_SCHOOL-00001789.tiff
1823,OSM-MNG-NON_SCHOOL-00002482.tiff
1824,OSM-MNG-NON_SCHOOL-00002806.tiff
1825,OSM-MNG-NON_SCHOOL-00001401.tiff
1826,OSM-MNG-NON_SCHOOL-00000621.tiff
1827,OSM-MNG-NON_SCHOOL-00004308.tiff
1828,OSM-MNG-NON_SCHOOL-00001717.tiff
1829,OSM-MNG-NON_SCHOOL-00004156.tiff
1830,OSM-MNG-NON_SCHOOL-00002488.tiff
1831,OSM-MNG-NON_SCHOOL-00001791.tiff
1832,OSM-MNG-NON_SCHOOL-00003673.tiff
1833,OSM-MNG-NON_SCHOOL-00004310.tiff
1834,OSM-MNG-NON_SCHOOL-00004076.tiff
1835,OVERTURE-MNG-NON_SCHOOL-00000359.tiff
1836,OVERTURE-MNG-NON_SCHOOL-00000630.tiff
1837,OSM-MNG-NON_SCHOOL-00003892.tiff
1838,OSM-MNG-NON_SCHOOL-00002431.tiff
1839,OSM-MNG-NON_SCHOOL-00003665.tiff
1840,OVERTURE-MNG-NON_SCHOOL-00000042.tiff
1841,OVERTURE-MNG-NON_SCHOOL-00000008.tiff
1842,OSM-MNG-NON_SCHOOL-00004744.tiff
1843,OSM-MNG-NON_SCHOOL-00003716.tiff
1844,OVERTURE-MNG-NON_SCHOOL-00002122.tiff
1845,OSM-MNG-NON_SCHOOL-00003683.tiff
1846,OVERTURE-MNG-NON_SCHOOL-00001905.tiff
1847,OSM-MNG-NON_SCHOOL-00004521.tiff
1848,OSM-MNG-NON_SCHOOL-00003867.tiff
1849,OSM-MNG-NON_SCHOOL-00003510.tiff
1850,OSM-MNG-NON_SCHOOL-00000231.tiff
1851,OVERTURE-MNG-NON_SCHOOL-00001181.tiff
1852,OSM-MNG-NON_SCHOOL-00001833.tiff
1853,OVERTURE-MNG-NON_SCHOOL-00001243.tiff
1854,OSM-MNG-NON_SCHOOL-00003512.tiff
1855,OSM-MNG-NON_SCHOOL-00002824.tiff
1856,OSM-MNG-NON_SCHOOL-00001007.tiff
1857,OSM-MNG-NON_SCHOOL-00004777.tiff
1858,OSM-MNG-NON_SCHOOL-00003076.tiff
1859,OSM-MNG-NON_SCHOOL-00000599.tiff
1860,OVERTURE-MNG-NON_SCHOOL-00000569.tiff
1861,OSM-MNG-NON_SCHOOL-00001917.tiff
1862,OSM-MNG-NON_SCHOOL-00004207.tiff
1863,OSM-MNG-NON_SCHOOL-00000646.tiff
1864,OSM-MNG-NON_SCHOOL-00004335.tiff
1865,OSM-MNG-NON_SCHOOL-00003718.tiff
1866,OVERTURE-MNG-NON_SCHOOL-00001674.tiff
1867,OSM-MNG-NON_SCHOOL-00003307.tiff
1868,OSM-MNG-NON_SCHOOL-00003864.tiff
1869,OSM-MNG-NON_SCHOOL-00002371.tiff
1870,OSM-MNG-NON_SCHOOL-00001267.tiff
1871,OSM-MNG-NON_SCHOOL-00000603.tiff
1872,OVERTURE-MNG-NON_SCHOOL-00001053.tiff
1873,OSM-MNG-NON_SCHOOL-00004197.tiff
1874,OVERTURE-MNG-NON_SCHOOL-00001291.tiff
1875,OSM-MNG-NON_SCHOOL-00002350.tiff
1876,OSM-MNG-NON_SCHOOL-00004284.tiff
1877,OSM-MNG-NON_SCHOOL-00001272.tiff
1878,OSM-MNG-NON_SCHOOL-00000889.tiff
1879,OSM-MNG-NON_SCHOOL-00001912.tiff
1880,OSM-MNG-NON_SCHOOL-00003668.tiff
1881,OSM-MNG-NON_SCHOOL-00002167.tiff
1882,OSM-MNG-NON_SCHOOL-00001593.tiff
1883,OSM-MNG-NON_SCHOOL-00003597.tiff
1884,OSM-MNG-NON_SCHOOL-00002997.tiff
1885,OSM-MNG-NON_SCHOOL-00002458.tiff
1886,OSM-MNG-NON_SCHOOL-00001127.tiff
1887,OSM-MNG-NON_SCHOOL-00003108.tiff
1888,OSM-MNG-NON_SCHOOL-00000818.tiff
1889,OVERTURE-MNG-NON_SCHOOL-00001391.tiff
1890,OSM-MNG-NON_SCHOOL-00002820.tiff
1891,OSM-MNG-NON_SCHOOL-00003699.tiff
1892,OVERTURE-MNG-NON_SCHOOL-00001120.tiff
1893,OSM-MNG-NON_SCHOOL-00000861.tiff
1894,OVERTURE-MNG-NON_SCHOOL-00000933.tiff
1895,OSM-MNG-NON_SCHOOL-00004923.tiff
1896,OVERTURE-MNG-NON_SCHOOL-00000709.tiff
1897,OSM-MNG-NON_SCHOOL-00004338.tiff
1898,OVERTURE-MNG-NON_SCHOOL-00001813.tiff
1899,OSM-MNG-NON_SCHOOL-00002321.tiff
1900,OSM-MNG-NON_SCHOOL-00002045.tiff
1901,OSM-MNG-NON_SCHOOL-00001620.tiff
1902,OSM-MNG-NON_SCHOOL-00002851.tiff
1903,OSM-MNG-NON_SCHOOL-00000376.tiff
1904,OVERTURE-MNG-NON_SCHOOL-00000726.tiff
1905,OSM-MNG-NON_SCHOOL-00002726.tiff
1906,OSM-MNG-NON_SCHOOL-00003966.tiff
1907,OSM-MNG-NON_SCHOOL-00004104.tiff
1908,OSM-MNG-NON_SCHOOL-00005192.tiff
1909,OVERTURE-MNG-NON_SCHOOL-00002128.tiff
1910,OVERTURE-MNG-NON_SCHOOL-00000605.tiff
1911,OSM-MNG-NON_SCHOOL-00004082.tiff
1912,OSM-MNG-NON_SCHOOL-00003349.tiff
1913,OVERTURE-MNG-NON_SCHOOL-00001330.tiff
1914,OSM-MNG-NON_SCHOOL-00001740.tiff
1915,OSM-MNG-NON_SCHOOL-00002021.tiff
1916,OVERTURE-MNG-NON_SCHOOL-00000184.tiff
1917,OSM-MNG-NON_SCHOOL-00003759.tiff
1918,OSM-MNG-NON_SCHOOL-00003421.tiff
1919,OSM-MNG-NON_SCHOOL-00001068.tiff
1920,OSM-MNG-NON_SCHOOL-00005059.tiff
1921,OSM-MNG-NON_SCHOOL-00003776.tiff
1922,OSM-MNG-NON_SCHOOL-00003243.tiff
1923,OSM-MNG-NON_SCHOOL-00004681.tiff
1924,OSM-MNG-NON_SCHOOL-00000475.tiff
1925,OSM-MNG-NON_SCHOOL-00000558.tiff
1926,OSM-MNG-NON_SCHOOL-00003969.tiff
1927,OSM-MNG-NON_SCHOOL-00000663.tiff
1928,OSM-MNG-NON_SCHOOL-00002201.tiff
1929,OSM-MNG-NON_SCHOOL-00003438.tiff
1930,OSM-MNG-NON_SCHOOL-00002941.tiff
1931,OSM-MNG-NON_SCHOOL-00000582.tiff
1932,OSM-MNG-NON_SCHOOL-00004348.tiff
1933,OSM-MNG-NON_SCHOOL-00002365.tiff
1934,OSM-MNG-NON_SCHOOL-00003995.tiff
1935,OVERTURE-MNG-NON_SCHOOL-00002040.tiff
1936,OSM-MNG-NON_SCHOOL-00005075.tiff
1937,OSM-MNG-NON_SCHOOL-00002872.tiff
1938,OSM-MNG-NON_SCHOOL-00001645.tiff
1939,OSM-MNG-NON_SCHOOL-00001123.tiff
1940,OSM-MNG-NON_SCHOOL-00004411.tiff
1941,OSM-MNG-NON_SCHOOL-00000615.tiff
1942,OSM-MNG-NON_SCHOOL-00000106.tiff
1943,OSM-MNG-NON_SCHOOL-00003309.tiff
1944,OSM-MNG-NON_SCHOOL-00003303.tiff
1945,OSM-MNG-NON_SCHOOL-00003741.tiff
1946,OVERTURE-MNG-NON_SCHOOL-00000863.tiff
1947,OSM-MNG-NON_SCHOOL-00002973.tiff
1948,OVERTURE-MNG-NON_SCHOOL-00001274.tiff
1949,OSM-MNG-NON_SCHOOL-00000881.tiff
1950,OSM-MNG-NON_SCHOOL-00004915.tiff
1951,OSM-MNG-NON_SCHOOL-00003499.tiff
1952,OSM-MNG-NON_SCHOOL-00002631.tiff
1953,OSM-MNG-NON_SCHOOL-00000369.tiff
1954,OSM-MNG-NON_SCHOOL-00004359.tiff
1955,OVERTURE-MNG-NON_SCHOOL-00001154.tiff
1956,OSM-MNG-NON_SCHOOL-00004869.tiff
1957,OSM-MNG-NON_SCHOOL-00004214.tiff
1958,OSM-MNG-NON_SCHOOL-00001561.tiff
1959,OVERTURE-MNG-NON_SCHOOL-00000989.tiff
1960,OSM-MNG-NON_SCHOOL-00000356.tiff
1961,OSM-MNG-NON_SCHOOL-00002883.tiff
1962,OSM-MNG-NON_SCHOOL-00004925.tiff
1963,OVERTURE-MNG-NON_SCHOOL-00000234.tiff
1964,OSM-MNG-NON_SCHOOL-00000564.tiff
1965,OSM-MNG-NON_SCHOOL-00003750.tiff
1966,OSM-MNG-NON_SCHOOL-00004956.tiff
1967,OSM-MNG-NON_SCHOOL-00003602.tiff
1968,OSM-MNG-NON_SCHOOL-00003531.tiff
1969,OSM-MNG-NON_SCHOOL-00001354.tiff
1970,OSM-MNG-NON_SCHOOL-00005282.tiff
1971,OSM-MNG-NON_SCHOOL-00000081.tiff
1972,OSM-MNG-NON_SCHOOL-00000538.tiff
1973,OSM-MNG-NON_SCHOOL-00005114.tiff
1974,OSM-MNG-NON_SCHOOL-00003897.tiff
1975,OVERTURE-MNG-NON_SCHOOL-00001727.tiff
1976,OSM-MNG-NON_SCHOOL-00003065.tiff
1977,OSM-MNG-NON_SCHOOL-00002556.tiff
1978,OSM-MNG-NON_SCHOOL-00004994.tiff
1979,OSM-MNG-NON_SCHOOL-00000928.tiff
1980,OSM-MNG-NON_SCHOOL-00003706.tiff
1981,OVERTURE-MNG-NON_SCHOOL-00001482.tiff
1982,OSM-MNG-NON_SCHOOL-00003203.tiff
1983,OSM-MNG-NON_SCHOOL-00002464.tiff
1984,OVERTURE-MNG-NON_SCHOOL-00000060.tiff
1985,OSM-MNG-NON_SCHOOL-00001672.tiff
1986,OSM-MNG-NON_SCHOOL-00002727.tiff
1987,OSM-MNG-NON_SCHOOL-00000530.tiff
1988,OSM-MNG-NON_SCHOOL-00004894.tiff
1989,OSM-MNG-NON_SCHOOL-00001473.tiff
1990,OVERTURE-MNG-NON_SCHOOL-00000139.tiff
1991,OSM-MNG-NON_SCHOOL-00003608.tiff
1992,OSM-MNG-NON_SCHOOL-00003977.tiff
1993,OSM-MNG-NON_SCHOOL-00002216.tiff
1994,OSM-MNG-NON_SCHOOL-00005372.tiff
1995,OVERTURE-MNG-NON_SCHOOL-00001318.tiff
1996,OSM-MNG-NON_SCHOOL-00003637.tiff
1997,OSM-MNG-NON_SCHOOL-00000320.tiff
1998,OSM-MNG-NON_SCHOOL-00004601.tiff
1999,OVERTURE-MNG-NON_SCHOOL-00000090.tiff
2000,OSM-MNG-NON_SCHOOL-00003989.tiff
2001,OSM-MNG-NON_SCHOOL-00005223.tiff
2002,OSM-MNG-NON_SCHOOL-00000335.tiff
2003,OSM-MNG-NON_SCHOOL-00002876.tiff
2004,OSM-MNG-NON_SCHOOL-00005299.tiff
2005,OSM-MNG-NON_SCHOOL-00002719.tiff
2006,OVERTURE-MNG-NON_SCHOOL-00001176.tiff
2007,OVERTURE-MNG-NON_SCHOOL-00000327.tiff
2008,OSM-MNG-NON_SCHOOL-00005037.tiff
2009,OSM-MNG-NON_SCHOOL-00002418.tiff
2010,OSM-MNG-NON_SCHOOL-00000910.tiff
2011,OSM-MNG-NON_SCHOOL-00000158.tiff
2012,OVERTURE-MNG-NON_SCHOOL-00002034.tiff
2013,OSM-MNG-NON_SCHOOL-00002159.tiff
2014,OSM-MNG-NON_SCHOOL-00004280.tiff
2015,OSM-MNG-NON_SCHOOL-00001307.tiff
2016,OSM-MNG-NON_SCHOOL-00003283.tiff
2017,OVERTURE-MNG-NON_SCHOOL-00000768.tiff
2018,OSM-MNG-NON_SCHOOL-00003979.tiff
2019,OSM-MNG-NON_SCHOOL-00005231.tiff
2020,OSM-MNG-NON_SCHOOL-00002664.tiff
2021,OSM-MNG-NON_SCHOOL-00001254.tiff
2022,OSM-MNG-NON_SCHOOL-00000055.tiff
2023,OSM-MNG-NON_SCHOOL-00000680.tiff
2024,OSM-MNG-NON_SCHOOL-00003043.tiff
2025,OSM-MNG-NON_SCHOOL-00004854.tiff
2026,OSM-MNG-NON_SCHOOL-00001353.tiff
2027,OVERTURE-MNG-NON_SCHOOL-00000862.tiff
2028,OSM-MNG-NON_SCHOOL-00002723.tiff
2029,OSM-MNG-NON_SCHOOL-00004607.tiff
2030,OSM-MNG-NON_SCHOOL-00003141.tiff
2031,OSM-MNG-NON_SCHOOL-00003782.tiff
2032,OSM-MNG-NON_SCHOOL-00000798.tiff
2033,OSM-MNG-NON_SCHOOL-00002009.tiff
2034,OSM-MNG-NON_SCHOOL-00003070.tiff
2035,OSM-MNG-NON_SCHOOL-00003827.tiff
2036,OSM-MNG-NON_SCHOOL-00002445.tiff
2037,OSM-MNG-NON_SCHOOL-00003590.tiff
2038,OSM-MNG-NON_SCHOOL-00001347.tiff
2039,OSM-MNG-NON_SCHOOL-00003617.tiff
2040,OSM-MNG-NON_SCHOOL-00004770.tiff
2041,OSM-MNG-NON_SCHOOL-00004500.tiff
2042,OSM-MNG-NON_SCHOOL-00002274.tiff
2043,OVERTURE-MNG-NON_SCHOOL-00001035.tiff
2044,OSM-MNG-NON_SCHOOL-00003503.tiff
2045,OSM-MNG-NON_SCHOOL-00005013.tiff
2046,OSM-MNG-NON_SCHOOL-00001285.tiff
2047,OSM-MNG-NON_SCHOOL-00000645.tiff
2048,OSM-MNG-NON_SCHOOL-00003899.tiff
2049,OSM-MNG-NON_SCHOOL-00002411.tiff
2050,OSM-MNG-NON_SCHOOL-00004469.tiff
2051,OSM-MNG-NON_SCHOOL-00002449.tiff
2052,OSM-MNG-NON_SCHOOL-00001994.tiff
2053,OSM-MNG-NON_SCHOOL-00002720.tiff
2054,OSM-MNG-NON_SCHOOL-00001557.tiff
2055,OSM-MNG-NON_SCHOOL-00002016.tiff
2056,OSM-MNG-NON_SCHOOL-00001012.tiff
2057,OVERTURE-MNG-NON_SCHOOL-00000507.tiff
2058,OVERTURE-MNG-NON_SCHOOL-00000719.tiff
2059,OSM-MNG-NON_SCHOOL-00000259.tiff
2060,OSM-MNG-NON_SCHOOL-00002452.tiff
2061,OSM-MNG-NON_SCHOOL-00004202.tiff
2062,OSM-MNG-NON_SCHOOL-00003030.tiff
2063,OVERTURE-MNG-NON_SCHOOL-00000263.tiff
2064,OSM-MNG-NON_SCHOOL-00002554.tiff
2065,OSM-MNG-NON_SCHOOL-00002589.tiff
2066,OVERTURE-MNG-NON_SCHOOL-00000464.tiff
2067,OVERTURE-MNG-NON_SCHOOL-00000828.tiff
2068,OSM-MNG-NON_SCHOOL-00002731.tiff
2069,OSM-MNG-NON_SCHOOL-00000710.tiff
2070,OVERTURE-MNG-NON_SCHOOL-00001899.tiff
2071,OSM-MNG-NON_SCHOOL-00001662.tiff
2072,OSM-MNG-NON_SCHOOL-00001014.tiff
2073,OSM-MNG-NON_SCHOOL-00000694.tiff
2074,OSM-MNG-NON_SCHOOL-00001641.tiff
2075,OSM-MNG-NON_SCHOOL-00000221.tiff
2076,OSM-MNG-NON_SCHOOL-00002836.tiff
2077,OVERTURE-MNG-NON_SCHOOL-00001968.tiff
2078,OSM-MNG-NON_SCHOOL-00002856.tiff
2079,OSM-MNG-NON_SCHOOL-00005268.tiff
2080,OSM-MNG-NON_SCHOOL-00001158.tiff
2081,OSM-MNG-NON_SCHOOL-00000107.tiff
2082,OSM-MNG-NON_SCHOOL-00001103.tiff
2083,OSM-MNG-NON_SCHOOL-00003834.tiff
2084,OSM-MNG-NON_SCHOOL-00004034.tiff
2085,OSM-MNG-NON_SCHOOL-00003768.tiff
2086,OSM-MNG-NON_SCHOOL-00000171.tiff
2087,OVERTURE-MNG-NON_SCHOOL-00000733.tiff
2088,OSM-MNG-NON_SCHOOL-00004830.tiff
2089,OSM-MNG-NON_SCHOOL-00005253.tiff
2090,OSM-MNG-NON_SCHOOL-00003404.tiff
2091,OSM-MNG-NON_SCHOOL-00004431.tiff
2092,OSM-MNG-NON_SCHOOL-00000174.tiff
2093,OVERTURE-MNG-NON_SCHOOL-00000413.tiff
2094,OSM-MNG-NON_SCHOOL-00000261.tiff
2095,OSM-MNG-NON_SCHOOL-00001010.tiff
2096,OSM-MNG-NON_SCHOOL-00002139.tiff
2097,OSM-MNG-NON_SCHOOL-00003831.tiff
2098,OSM-MNG-NON_SCHOOL-00003754.tiff
2099,OSM-MNG-NON_SCHOOL-00002892.tiff
2100,OSM-MNG-NON_SCHOOL-00000726.tiff
2101,OSM-MNG-NON_SCHOOL-00003546.tiff
2102,OSM-MNG-NON_SCHOOL-00000707.tiff
2103,OSM-MNG-NON_SCHOOL-00003012.tiff
2104,OVERTURE-MNG-NON_SCHOOL-00001416.tiff
2105,OSM-MNG-NON_SCHOOL-00001251.tiff
2106,OSM-MNG-NON_SCHOOL-00003655.tiff
2107,OSM-MNG-NON_SCHOOL-00003850.tiff
2108,OSM-MNG-NON_SCHOOL-00000616.tiff
2109,OSM-MNG-NON_SCHOOL-00003506.tiff
2110,OVERTURE-MNG-NON_SCHOOL-00000497.tiff
2111,OSM-MNG-NON_SCHOOL-00000159.tiff
2112,OVERTURE-MNG-NON_SCHOOL-00000521.tiff
2113,OSM-MNG-NON_SCHOOL-00002733.tiff
2114,OSM-MNG-NON_SCHOOL-00005027.tiff
2115,OSM-MNG-NON_SCHOOL-00000016.tiff
2116,OSM-MNG-NON_SCHOOL-00004505.tiff
2117,OVERTURE-MNG-NON_SCHOOL-00000651.tiff
2118,OSM-MNG-NON_SCHOOL-00000598.tiff
2119,OSM-MNG-NON_SCHOOL-00000333.tiff
2120,OSM-MNG-NON_SCHOOL-00004392.tiff
2121,OSM-MNG-NON_SCHOOL-00004627.tiff
2122,OSM-MNG-NON_SCHOOL-00000677.tiff
2123,OSM-MNG-NON_SCHOOL-00000342.tiff
2124,OSM-MNG-NON_SCHOOL-00000379.tiff
2125,OSM-MNG-NON_SCHOOL-00004712.tiff
2126,OSM-MNG-NON_SCHOOL-00004605.tiff
2127,OSM-MNG-NON_SCHOOL-00003935.tiff
2128,OSM-MNG-NON_SCHOOL-00003895.tiff
2129,OVERTURE-MNG-NON_SCHOOL-00001360.tiff
2130,OSM-MNG-NON_SCHOOL-00003485.tiff
2131,OSM-MNG-NON_SCHOOL-00004757.tiff
2132,OSM-MNG-NON_SCHOOL-00000609.tiff
2133,OSM-MNG-NON_SCHOOL-00005235.tiff
2134,OSM-MNG-NON_SCHOOL-00004383.tiff
2135,OSM-MNG-NON_SCHOOL-00004050.tiff
2136,OSM-MNG-NON_SCHOOL-00000613.tiff
2137,OSM-MNG-NON_SCHOOL-00000211.tiff
2138,OSM-MNG-NON_SCHOOL-00000623.tiff
2139,OSM-MNG-NON_SCHOOL-00002399.tiff
2140,OSM-MNG-NON_SCHOOL-00000729.tiff
2141,OSM-MNG-NON_SCHOOL-00002660.tiff
2142,OSM-MNG-NON_SCHOOL-00004428.tiff
2143,OSM-MNG-NON_SCHOOL-00000244.tiff
2144,OVERTURE-MNG-NON_SCHOOL-00000514.tiff
2145,OSM-MNG-NON_SCHOOL-00003773.tiff
2146,OSM-MNG-NON_SCHOOL-00004514.tiff
2147,OSM-MNG-NON_SCHOOL-00000032.tiff
2148,OSM-MNG-NON_SCHOOL-00004232.tiff
2149,OSM-MNG-NON_SCHOOL-00004349.tiff
2150,OSM-MNG-NON_SCHOOL-00002462.tiff
2151,OSM-MNG-NON_SCHOOL-00004442.tiff
2152,OSM-MNG-NON_SCHOOL-00000648.tiff
2153,OVERTURE-MNG-NON_SCHOOL-00002046.tiff
2154,OVERTURE-MNG-NON_SCHOOL-00001836.tiff
2155,OSM-MNG-NON_SCHOOL-00002064.tiff
2156,OVERTURE-MNG-NON_SCHOOL-00001606.tiff
2157,OSM-MNG-NON_SCHOOL-00003734.tiff
2158,OSM-MNG-NON_SCHOOL-00004683.tiff
2159,OSM-MNG-NON_SCHOOL-00005304.tiff
2160,OSM-MNG-NON_SCHOOL-00000670.tiff
2161,OSM-MNG-NON_SCHOOL-00002930.tiff
2162,OSM-MNG-NON_SCHOOL-00004242.tiff
2163,OSM-MNG-NON_SCHOOL-00004194.tiff
2164,OSM-MNG-NON_SCHOOL-00004954.tiff
2165,OSM-MNG-NON_SCHOOL-00003139.tiff
2166,OSM-MNG-NON_SCHOOL-00003054.tiff
2167,OSM-MNG-NON_SCHOOL-00005067.tiff
2168,OSM-MNG-NON_SCHOOL-00000841.tiff
2169,OVERTURE-MNG-NON_SCHOOL-00000120.tiff
2170,OSM-MNG-NON_SCHOOL-00004309.tiff
2171,OSM-MNG-NON_SCHOOL-00004495.tiff
2172,OVERTURE-MNG-NON_SCHOOL-00001777.tiff
2173,OSM-MNG-NON_SCHOOL-00003516.tiff
2174,OSM-MNG-NON_SCHOOL-00003074.tiff
2175,OSM-MNG-NON_SCHOOL-00004094.tiff
2176,OSM-MNG-NON_SCHOOL-00002866.tiff
2177,OSM-MNG-NON_SCHOOL-00000388.tiff
2178,OSM-MNG-NON_SCHOOL-00003941.tiff
2179,OSM-MNG-NON_SCHOOL-00003770.tiff
2180,OSM-MNG-NON_SCHOOL-00002891.tiff
2181,OSM-MNG-NON_SCHOOL-00003401.tiff
2182,OSM-MNG-NON_SCHOOL-00001582.tiff
2183,OVERTURE-MNG-NON_SCHOOL-00001804.tiff
2184,OVERTURE-MNG-NON_SCHOOL-00001578.tiff
2185,OSM-MNG-NON_SCHOOL-00002689.tiff
2186,OSM-MNG-NON_SCHOOL-00000289.tiff
2187,OSM-MNG-NON_SCHOOL-00003178.tiff
2188,OVERTURE-MNG-NON_SCHOOL-00001751.tiff
2189,OSM-MNG-NON_SCHOOL-00000665.tiff
2190,OSM-MNG-NON_SCHOOL-00001278.tiff
2191,OSM-MNG-NON_SCHOOL-00003839.tiff
2192,OSM-MNG-NON_SCHOOL-00002319.tiff
2193,OSM-MNG-NON_SCHOOL-00003636.tiff
2194,OSM-MNG-NON_SCHOOL-00004586.tiff
2195,OSM-MNG-NON_SCHOOL-00002222.tiff
2196,OSM-MNG-NON_SCHOOL-00001612.tiff
