index,filename
0,UNICEF-MNG-SCHOOL-00000399.tiff
1,UNICEF-MNG-SCHOOL-00000491.tiff
2,UNICEF-MNG-SCHOOL-00000238.tiff
3,UNICEF-MNG-SCHOOL-00000748.tiff
4,UNICEF-MNG-SCHOOL-00000620.tiff
5,UNICEF-MNG-SCHOOL-00000598.tiff
6,OSM-MNG-SCHOOL-00000288.tiff
7,UNICEF-MNG-SCHOOL-00000687.tiff
8,UNICEF-MNG-SCHOOL-00000708.tiff
9,OSM-MNG-SCHOOL-00000209.tiff
10,OSM-MNG-SCHOOL-00000044.tiff
11,UNICEF-MNG-SCHOOL-00000441.tiff
12,OSM-MNG-SCHOOL-00000115.tiff
13,UNICEF-MNG-SCHOOL-00000392.tiff
14,UNICEF-MNG-SCHOOL-00000782.tiff
15,UNICEF-MNG-SCHOOL-00000114.tiff
16,OVERTURE-MNG-SCHOOL-00000177.tiff
17,UNICEF-MNG-SCHOOL-00000096.tiff
18,UNICEF-MNG-SCHOOL-00000192.tiff
19,UNICEF-MNG-SCHOOL-00000619.tiff
20,OSM-MNG-SCHOOL-00000287.tiff
21,UNICEF-MNG-SCHOOL-00000772.tiff
22,UNICEF-MNG-SCHOOL-00000239.tiff
23,UNICEF-MNG-SCHOOL-00000690.tiff
24,OVERTURE-MNG-SCHOOL-00000213.tiff
25,OSM-MNG-SCHOOL-00000016.tiff
26,OSM-MNG-SCHOOL-00000306.tiff
27,UNICEF-MNG-SCHOOL-00000678.tiff
28,OVERTURE-MNG-SCHOOL-00000046.tiff
29,OVERTURE-MNG-SCHOOL-00000190.tiff
30,UNICEF-MNG-SCHOOL-00000671.tiff
31,UNICEF-MNG-SCHOOL-00000648.tiff
32,UNICEF-MNG-SCHOOL-00000177.tiff
33,UNICEF-MNG-SCHOOL-00000546.tiff
34,OVERTURE-MNG-SCHOOL-00000397.tiff
35,OSM-MNG-SCHOOL-00000144.tiff
36,UNICEF-MNG-SCHOOL-00000094.tiff
37,UNICEF-MNG-SCHOOL-00000573.tiff
38,UNICEF-MNG-SCHOOL-00000461.tiff
39,OVERTURE-MNG-SCHOOL-00000468.tiff
40,OSM-MNG-SCHOOL-00000298.tiff
41,OVERTURE-MNG-SCHOOL-00000191.tiff
42,UNICEF-MNG-SCHOOL-00000183.tiff
43,UNICEF-MNG-SCHOOL-00000165.tiff
44,OSM-MNG-SCHOOL-00000085.tiff
45,OSM-MNG-SCHOOL-00000193.tiff
46,UNICEF-MNG-SCHOOL-00000607.tiff
47,UNICEF-MNG-SCHOOL-00000633.tiff
48,OVERTURE-MNG-SCHOOL-00000125.tiff
49,OSM-MNG-SCHOOL-00000035.tiff
50,OVERTURE-MNG-SCHOOL-00000285.tiff
51,OSM-MNG-SCHOOL-00000153.tiff
52,OSM-MNG-SCHOOL-00000295.tiff
53,OSM-MNG-SCHOOL-00000171.tiff
54,OSM-MNG-SCHOOL-00000247.tiff
55,OSM-MNG-SCHOOL-00000273.tiff
56,UNICEF-MNG-SCHOOL-00000290.tiff
57,UNICEF-MNG-SCHOOL-00000743.tiff
58,OSM-MNG-SCHOOL-00000255.tiff
59,UNICEF-MNG-SCHOOL-00000694.tiff
60,OSM-MNG-SCHOOL-00000143.tiff
61,UNICEF-MNG-SCHOOL-00000167.tiff
62,UNICEF-MNG-SCHOOL-00000640.tiff
63,UNICEF-MNG-SCHOOL-00000821.tiff
64,UNICEF-MNG-SCHOOL-00000644.tiff
65,UNICEF-MNG-SCHOOL-00000381.tiff
66,OSM-MNG-SCHOOL-00000231.tiff
67,UNICEF-MNG-SCHOOL-00000621.tiff
68,OSM-MNG-SCHOOL-00000160.tiff
69,UNICEF-MNG-SCHOOL-00000418.tiff
70,UNICEF-MNG-SCHOOL-00000178.tiff
71,UNICEF-MNG-SCHOOL-00000214.tiff
72,UNICEF-MNG-SCHOOL-00000731.tiff
73,UNICEF-MNG-SCHOOL-00000722.tiff
74,OSM-MNG-SCHOOL-00000217.tiff
75,OVERTURE-MNG-SCHOOL-00000047.tiff
76,OVERTURE-MNG-SCHOOL-00000294.tiff
77,UNICEF-MNG-SCHOOL-00000205.tiff
78,UNICEF-MNG-SCHOOL-00000627.tiff
79,OSM-MNG-SCHOOL-00000220.tiff
80,UNICEF-MNG-SCHOOL-00000201.tiff
81,OSM-MNG-SCHOOL-00000223.tiff
82,OVERTURE-MNG-SCHOOL-00000250.tiff
83,UNICEF-MNG-SCHOOL-00000838.tiff
84,UNICEF-MNG-SCHOOL-00000251.tiff
85,OSM-MNG-SCHOOL-00000012.tiff
86,UNICEF-MNG-SCHOOL-00000182.tiff
87,OSM-MNG-SCHOOL-00000058.tiff
88,OSM-MNG-SCHOOL-00000022.tiff
89,UNICEF-MNG-SCHOOL-00000089.tiff
90,OVERTURE-MNG-SCHOOL-00000146.tiff
91,UNICEF-MNG-SCHOOL-00000803.tiff
92,UNICEF-MNG-SCHOOL-00000696.tiff
93,OSM-MNG-SCHOOL-00000164.tiff
94,UNICEF-MNG-SCHOOL-00000813.tiff
95,UNICEF-MNG-SCHOOL-00000841.tiff
96,UNICEF-MNG-SCHOOL-00000400.tiff
97,OVERTURE-MNG-SCHOOL-00000090.tiff
98,OSM-MNG-SCHOOL-00000232.tiff
99,UNICEF-MNG-SCHOOL-00000173.tiff
100,OSM-MNG-SCHOOL-00000246.tiff
101,UNICEF-MNG-SCHOOL-00000407.tiff
102,OVERTURE-MNG-SCHOOL-00000386.tiff
103,OSM-MNG-SCHOOL-00000168.tiff
104,OSM-MNG-SCHOOL-00000045.tiff
105,OSM-MNG-SCHOOL-00000086.tiff
106,UNICEF-MNG-SCHOOL-00000510.tiff
107,OSM-MNG-SCHOOL-00000178.tiff
108,UNICEF-MNG-SCHOOL-00000839.tiff
109,OSM-MNG-SCHOOL-00000269.tiff
110,UNICEF-MNG-SCHOOL-00000596.tiff
111,OVERTURE-MNG-SCHOOL-00000338.tiff
112,OVERTURE-MNG-SCHOOL-00000151.tiff
113,OVERTURE-MNG-SCHOOL-00000028.tiff
114,UNICEF-MNG-SCHOOL-00000421.tiff
115,UNICEF-MNG-SCHOOL-00000793.tiff
116,OSM-MNG-SCHOOL-00000187.tiff
117,UNICEF-MNG-SCHOOL-00000595.tiff
118,UNICEF-MNG-SCHOOL-00000193.tiff
119,UNICEF-MNG-SCHOOL-00000445.tiff
120,UNICEF-MNG-SCHOOL-00000788.tiff
121,UNICEF-MNG-SCHOOL-00000522.tiff
122,UNICEF-MNG-SCHOOL-00000654.tiff
123,UNICEF-MNG-SCHOOL-00000088.tiff
124,UNICEF-MNG-SCHOOL-00000769.tiff
125,OSM-MNG-SCHOOL-00000272.tiff
126,UNICEF-MNG-SCHOOL-00000050.tiff
127,UNICEF-MNG-SCHOOL-00000221.tiff
128,UNICEF-MNG-SCHOOL-00000594.tiff
129,OSM-MNG-SCHOOL-00000184.tiff
130,UNICEF-MNG-SCHOOL-00000717.tiff
131,OVERTURE-MNG-SCHOOL-00000491.tiff
132,OSM-MNG-SCHOOL-00000140.tiff
133,OSM-MNG-SCHOOL-00000079.tiff
134,OSM-MNG-SCHOOL-00000179.tiff
135,OSM-MNG-SCHOOL-00000277.tiff
136,UNICEF-MNG-SCHOOL-00000127.tiff
137,UNICEF-MNG-SCHOOL-00000721.tiff
138,UNICEF-MNG-SCHOOL-00000734.tiff
139,OVERTURE-MNG-SCHOOL-00000462.tiff
140,OVERTURE-MNG-SCHOOL-00000244.tiff
141,UNICEF-MNG-SCHOOL-00000823.tiff
142,UNICEF-MNG-SCHOOL-00000000.tiff
143,UNICEF-MNG-SCHOOL-00000623.tiff
144,OVERTURE-MNG-SCHOOL-00000355.tiff
145,OVERTURE-MNG-SCHOOL-00000138.tiff
146,UNICEF-MNG-SCHOOL-00000086.tiff
147,OSM-MNG-SCHOOL-00000190.tiff
148,OSM-MNG-SCHOOL-00000017.tiff
149,OSM-MNG-SCHOOL-00000226.tiff
150,OVERTURE-MNG-SCHOOL-00000094.tiff
151,UNICEF-MNG-SCHOOL-00000817.tiff
152,OVERTURE-MNG-SCHOOL-00000075.tiff
153,UNICEF-MNG-SCHOOL-00000704.tiff
154,UNICEF-MNG-SCHOOL-00000204.tiff
155,UNICEF-MNG-SCHOOL-00000639.tiff
156,OVERTURE-MNG-SCHOOL-00000044.tiff
157,OSM-MNG-SCHOOL-00000104.tiff
158,UNICEF-MNG-SCHOOL-00000007.tiff
159,UNICEF-MNG-SCHOOL-00000242.tiff
160,UNICEF-MNG-SCHOOL-00000540.tiff
161,UNICEF-MNG-SCHOOL-00000745.tiff
162,OVERTURE-MNG-SCHOOL-00000185.tiff
163,UNICEF-MNG-SCHOOL-00000231.tiff
164,OSM-MNG-SCHOOL-00000138.tiff
165,UNICEF-MNG-SCHOOL-00000795.tiff
166,OSM-MNG-SCHOOL-00000180.tiff
167,OVERTURE-MNG-SCHOOL-00000173.tiff
168,UNICEF-MNG-SCHOOL-00000222.tiff
169,OSM-MNG-SCHOOL-00000110.tiff
170,UNICEF-MNG-SCHOOL-00000220.tiff
171,UNICEF-MNG-SCHOOL-00000126.tiff
172,UNICEF-MNG-SCHOOL-00000015.tiff
173,UNICEF-MNG-SCHOOL-00000442.tiff
174,OVERTURE-MNG-SCHOOL-00000351.tiff
175,UNICEF-MNG-SCHOOL-00000668.tiff
176,OSM-MNG-SCHOOL-00000202.tiff
177,OVERTURE-MNG-SCHOOL-00000265.tiff
178,UNICEF-MNG-SCHOOL-00000437.tiff
179,OSM-MNG-SCHOOL-00000166.tiff
180,OSM-MNG-SCHOOL-00000219.tiff
181,OSM-MNG-SCHOOL-00000175.tiff
182,UNICEF-MNG-SCHOOL-00000260.tiff
183,UNICEF-MNG-SCHOOL-00000599.tiff
184,UNICEF-MNG-SCHOOL-00000798.tiff
185,UNICEF-MNG-SCHOOL-00000111.tiff
186,OSM-MNG-SCHOOL-00000182.tiff
187,OSM-MNG-SCHOOL-00000064.tiff
188,OSM-MNG-SCHOOL-00000067.tiff
189,OSM-MNG-SCHOOL-00000111.tiff
190,OVERTURE-MNG-SCHOOL-00000099.tiff
191,UNICEF-MNG-SCHOOL-00000216.tiff
192,OVERTURE-MNG-SCHOOL-00000434.tiff
193,UNICEF-MNG-SCHOOL-00000600.tiff
194,UNICEF-MNG-SCHOOL-00000083.tiff
195,OSM-MNG-SCHOOL-00000009.tiff
196,UNICEF-MNG-SCHOOL-00000317.tiff
197,UNICEF-MNG-SCHOOL-00000629.tiff
198,UNICEF-MNG-SCHOOL-00000844.tiff
199,UNICEF-MNG-SCHOOL-00000637.tiff
200,UNICEF-MNG-SCHOOL-00000660.tiff
201,UNICEF-MNG-SCHOOL-00000055.tiff
202,OVERTURE-MNG-SCHOOL-00000412.tiff
203,UNICEF-MNG-SCHOOL-00000653.tiff
204,UNICEF-MNG-SCHOOL-00000712.tiff
205,UNICEF-MNG-SCHOOL-00000189.tiff
206,UNICEF-MNG-SCHOOL-00000686.tiff
207,UNICEF-MNG-SCHOOL-00000403.tiff
208,UNICEF-MNG-SCHOOL-00000258.tiff
209,UNICEF-MNG-SCHOOL-00000087.tiff
210,OSM-MNG-SCHOOL-00000237.tiff
211,UNICEF-MNG-SCHOOL-00000684.tiff
212,UNICEF-MNG-SCHOOL-00000259.tiff
213,UNICEF-MNG-SCHOOL-00000235.tiff
214,OSM-MNG-SCHOOL-00000207.tiff
215,OSM-MNG-SCHOOL-00000147.tiff
216,UNICEF-MNG-SCHOOL-00000365.tiff
217,OSM-MNG-SCHOOL-00000076.tiff
218,UNICEF-MNG-SCHOOL-00000228.tiff
219,UNICEF-MNG-SCHOOL-00000824.tiff
220,UNICEF-MNG-SCHOOL-00000233.tiff
221,UNICEF-MNG-SCHOOL-00000754.tiff
222,UNICEF-MNG-SCHOOL-00000256.tiff
223,OSM-MNG-SCHOOL-00000080.tiff
224,UNICEF-MNG-SCHOOL-00000291.tiff
225,OSM-MNG-SCHOOL-00000060.tiff
226,UNICEF-MNG-SCHOOL-00000735.tiff
227,UNICEF-MNG-SCHOOL-00000614.tiff
228,OVERTURE-MNG-SCHOOL-00000024.tiff
229,OSM-MNG-SCHOOL-00000285.tiff
230,OSM-MNG-SCHOOL-00000130.tiff
231,OSM-MNG-SCHOOL-00000215.tiff
232,UNICEF-MNG-SCHOOL-00000009.tiff
233,OVERTURE-MNG-SCHOOL-00000291.tiff
234,OSM-MNG-SCHOOL-00000121.tiff
235,UNICEF-MNG-SCHOOL-00000215.tiff
236,OVERTURE-MNG-SCHOOL-00000481.tiff
237,UNICEF-MNG-SCHOOL-00000705.tiff
238,OVERTURE-MNG-SCHOOL-00000479.tiff
239,UNICEF-MNG-SCHOOL-00000551.tiff
240,UNICEF-MNG-SCHOOL-00000074.tiff
241,OSM-MNG-SCHOOL-00000192.tiff
242,UNICEF-MNG-SCHOOL-00000762.tiff
243,UNICEF-MNG-SCHOOL-00000419.tiff
244,UNICEF-MNG-SCHOOL-00000198.tiff
245,UNICEF-MNG-SCHOOL-00000825.tiff
246,UNICEF-MNG-SCHOOL-00000732.tiff
247,UNICEF-MNG-SCHOOL-00000665.tiff
248,UNICEF-MNG-SCHOOL-00000175.tiff
249,UNICEF-MNG-SCHOOL-00000092.tiff
250,OVERTURE-MNG-SCHOOL-00000054.tiff
251,UNICEF-MNG-SCHOOL-00000822.tiff
252,UNICEF-MNG-SCHOOL-00000386.tiff
253,UNICEF-MNG-SCHOOL-00000512.tiff
254,UNICEF-MNG-SCHOOL-00000364.tiff
255,UNICEF-MNG-SCHOOL-00000501.tiff
256,UNICEF-MNG-SCHOOL-00000443.tiff
257,OVERTURE-MNG-SCHOOL-00000304.tiff
258,UNICEF-MNG-SCHOOL-00000240.tiff
259,OSM-MNG-SCHOOL-00000159.tiff
260,OVERTURE-MNG-SCHOOL-00000137.tiff
261,OVERTURE-MNG-SCHOOL-00000486.tiff
262,OSM-MNG-SCHOOL-00000218.tiff
263,UNICEF-MNG-SCHOOL-00000393.tiff
264,OVERTURE-MNG-SCHOOL-00000419.tiff
265,UNICEF-MNG-SCHOOL-00000350.tiff
266,UNICEF-MNG-SCHOOL-00000405.tiff
267,OVERTURE-MNG-SCHOOL-00000006.tiff
268,UNICEF-MNG-SCHOOL-00000666.tiff
269,UNICEF-MNG-SCHOOL-00000387.tiff
270,OSM-MNG-SCHOOL-00000036.tiff
271,UNICEF-MNG-SCHOOL-00000578.tiff
272,UNICEF-MNG-SCHOOL-00000248.tiff
273,UNICEF-MNG-SCHOOL-00000655.tiff
274,UNICEF-MNG-SCHOOL-00000638.tiff
275,UNICEF-MNG-SCHOOL-00000342.tiff
276,UNICEF-MNG-SCHOOL-00000588.tiff
277,OSM-MNG-SCHOOL-00000167.tiff
278,UNICEF-MNG-SCHOOL-00000046.tiff
279,UNICEF-MNG-SCHOOL-00000728.tiff
280,UNICEF-MNG-SCHOOL-00000032.tiff
281,UNICEF-MNG-SCHOOL-00000186.tiff
282,UNICEF-MNG-SCHOOL-00000236.tiff
283,OSM-MNG-SCHOOL-00000000.tiff
284,OSM-MNG-SCHOOL-00000205.tiff
285,UNICEF-MNG-SCHOOL-00000142.tiff
286,OSM-MNG-SCHOOL-00000292.tiff
287,OSM-MNG-SCHOOL-00000258.tiff
288,OSM-MNG-SCHOOL-00000031.tiff
289,OSM-MNG-SCHOOL-00000260.tiff
290,OVERTURE-MNG-SCHOOL-00000089.tiff
291,OSM-MNG-SCHOOL-00000243.tiff
292,OVERTURE-MNG-SCHOOL-00000245.tiff
293,UNICEF-MNG-SCHOOL-00000836.tiff
294,UNICEF-MNG-SCHOOL-00000102.tiff
295,UNICEF-MNG-SCHOOL-00000036.tiff
296,OSM-MNG-SCHOOL-00000270.tiff
297,UNICEF-MNG-SCHOOL-00000661.tiff
298,UNICEF-MNG-SCHOOL-00000519.tiff
299,UNICEF-MNG-SCHOOL-00000676.tiff
300,OSM-MNG-SCHOOL-00000229.tiff
301,OSM-MNG-SCHOOL-00000071.tiff
302,OSM-MNG-SCHOOL-00000208.tiff
303,UNICEF-MNG-SCHOOL-00000355.tiff
304,UNICEF-MNG-SCHOOL-00000622.tiff
305,UNICEF-MNG-SCHOOL-00000120.tiff
306,UNICEF-MNG-SCHOOL-00000035.tiff
307,UNICEF-MNG-SCHOOL-00000786.tiff
308,OSM-MNG-SCHOOL-00000279.tiff
309,UNICEF-MNG-SCHOOL-00000123.tiff
310,UNICEF-MNG-SCHOOL-00000444.tiff
311,UNICEF-MNG-SCHOOL-00000837.tiff
312,OSM-MNG-SCHOOL-00000084.tiff
313,UNICEF-MNG-SCHOOL-00000105.tiff
314,UNICEF-MNG-SCHOOL-00000042.tiff
315,OVERTURE-MNG-SCHOOL-00000324.tiff
316,OSM-MNG-SCHOOL-00000303.tiff
317,OSM-MNG-SCHOOL-00000189.tiff
318,UNICEF-MNG-SCHOOL-00000062.tiff
319,OSM-MNG-SCHOOL-00000098.tiff
320,OSM-MNG-SCHOOL-00000248.tiff
321,UNICEF-MNG-SCHOOL-00000382.tiff
322,UNICEF-MNG-SCHOOL-00000255.tiff
323,OSM-MNG-SCHOOL-00000176.tiff
324,OVERTURE-MNG-SCHOOL-00000318.tiff
325,UNICEF-MNG-SCHOOL-00000634.tiff
326,UNICEF-MNG-SCHOOL-00000030.tiff
327,OVERTURE-MNG-SCHOOL-00000072.tiff
328,UNICEF-MNG-SCHOOL-00000625.tiff
329,OVERTURE-MNG-SCHOOL-00000417.tiff
330,OVERTURE-MNG-SCHOOL-00000155.tiff
331,OSM-MNG-SCHOOL-00000186.tiff
332,UNICEF-MNG-SCHOOL-00000241.tiff
333,OVERTURE-MNG-SCHOOL-00000077.tiff
334,OSM-MNG-SCHOOL-00000161.tiff
335,UNICEF-MNG-SCHOOL-00000232.tiff
336,OSM-MNG-SCHOOL-00000227.tiff
337,UNICEF-MNG-SCHOOL-00000645.tiff
338,OSM-MNG-SCHOOL-00000244.tiff
339,UNICEF-MNG-SCHOOL-00000667.tiff
340,OSM-MNG-SCHOOL-00000099.tiff
341,OSM-MNG-SCHOOL-00000145.tiff
342,OSM-MNG-SCHOOL-00000065.tiff
343,UNICEF-MNG-SCHOOL-00000711.tiff
344,OVERTURE-MNG-SCHOOL-00000341.tiff
345,OVERTURE-MNG-SCHOOL-00000218.tiff
346,OVERTURE-MNG-SCHOOL-00000299.tiff
347,OSM-MNG-SCHOOL-00000135.tiff
348,OSM-MNG-SCHOOL-00000256.tiff
349,OVERTURE-MNG-SCHOOL-00000109.tiff
350,UNICEF-MNG-SCHOOL-00000831.tiff
351,OSM-MNG-SCHOOL-00000233.tiff
352,OVERTURE-MNG-SCHOOL-00000249.tiff
353,OSM-MNG-SCHOOL-00000224.tiff
354,UNICEF-MNG-SCHOOL-00000842.tiff
355,UNICEF-MNG-SCHOOL-00000601.tiff
356,UNICEF-MNG-SCHOOL-00000394.tiff
357,OVERTURE-MNG-SCHOOL-00000226.tiff
358,UNICEF-MNG-SCHOOL-00000587.tiff
359,OSM-MNG-SCHOOL-00000158.tiff
360,OVERTURE-MNG-SCHOOL-00000114.tiff
361,UNICEF-MNG-SCHOOL-00000084.tiff
362,OVERTURE-MNG-SCHOOL-00000467.tiff
363,OVERTURE-MNG-SCHOOL-00000180.tiff
364,UNICEF-MNG-SCHOOL-00000107.tiff
365,UNICEF-MNG-SCHOOL-00000499.tiff
366,UNICEF-MNG-SCHOOL-00000843.tiff
367,UNICEF-MNG-SCHOOL-00000695.tiff
368,OSM-MNG-SCHOOL-00000033.tiff
369,UNICEF-MNG-SCHOOL-00000148.tiff
370,OVERTURE-MNG-SCHOOL-00000126.tiff
371,UNICEF-MNG-SCHOOL-00000367.tiff
372,UNICEF-MNG-SCHOOL-00000378.tiff
373,OVERTURE-MNG-SCHOOL-00000280.tiff
374,OVERTURE-MNG-SCHOOL-00000061.tiff
375,UNICEF-MNG-SCHOOL-00000066.tiff
376,OSM-MNG-SCHOOL-00000122.tiff
377,UNICEF-MNG-SCHOOL-00000277.tiff
378,OSM-MNG-SCHOOL-00000228.tiff
379,OSM-MNG-SCHOOL-00000095.tiff
380,UNICEF-MNG-SCHOOL-00000755.tiff
381,UNICEF-MNG-SCHOOL-00000061.tiff
382,UNICEF-MNG-SCHOOL-00000019.tiff
383,UNICEF-MNG-SCHOOL-00000747.tiff
384,OSM-MNG-SCHOOL-00000242.tiff
385,UNICEF-MNG-SCHOOL-00000802.tiff
386,UNICEF-MNG-SCHOOL-00000720.tiff
387,OVERTURE-MNG-SCHOOL-00000050.tiff
388,UNICEF-MNG-SCHOOL-00000504.tiff
389,UNICEF-MNG-SCHOOL-00000310.tiff
390,UNICEF-MNG-SCHOOL-00000117.tiff
391,UNICEF-MNG-SCHOOL-00000039.tiff
392,OSM-MNG-SCHOOL-00000278.tiff
393,UNICEF-MNG-SCHOOL-00000115.tiff
394,UNICEF-MNG-SCHOOL-00000128.tiff
395,UNICEF-MNG-SCHOOL-00000464.tiff
396,UNICEF-MNG-SCHOOL-00000230.tiff
397,UNICEF-MNG-SCHOOL-00000110.tiff
398,UNICEF-MNG-SCHOOL-00000611.tiff
399,OSM-MNG-SCHOOL-00000038.tiff
400,UNICEF-MNG-SCHOOL-00000697.tiff
401,UNICEF-MNG-SCHOOL-00000770.tiff
402,UNICEF-MNG-SCHOOL-00000028.tiff
403,UNICEF-MNG-SCHOOL-00000682.tiff
404,OSM-MNG-SCHOOL-00000225.tiff
405,OSM-MNG-SCHOOL-00000177.tiff
406,OSM-MNG-SCHOOL-00000198.tiff
407,UNICEF-MNG-SCHOOL-00000212.tiff
408,UNICEF-MNG-SCHOOL-00000597.tiff
409,UNICEF-MNG-SCHOOL-00000746.tiff
410,UNICEF-MNG-SCHOOL-00000274.tiff
411,UNICEF-MNG-SCHOOL-00000672.tiff
412,UNICEF-MNG-SCHOOL-00000495.tiff
413,UNICEF-MNG-SCHOOL-00000647.tiff
414,OSM-MNG-SCHOOL-00000007.tiff
415,UNICEF-MNG-SCHOOL-00000765.tiff
416,OSM-MNG-SCHOOL-00000146.tiff
417,UNICEF-MNG-SCHOOL-00000349.tiff
418,OSM-MNG-SCHOOL-00000196.tiff
419,UNICEF-MNG-SCHOOL-00000278.tiff
420,OSM-MNG-SCHOOL-00000028.tiff
421,UNICEF-MNG-SCHOOL-00000833.tiff
422,UNICEF-MNG-SCHOOL-00000606.tiff
423,UNICEF-MNG-SCHOOL-00000112.tiff
424,UNICEF-MNG-SCHOOL-00000447.tiff
425,UNICEF-MNG-SCHOOL-00000435.tiff
426,OSM-MNG-SCHOOL-00000150.tiff
427,OVERTURE-MNG-SCHOOL-00000018.tiff
428,UNICEF-MNG-SCHOOL-00000691.tiff
429,OSM-MNG-SCHOOL-00000197.tiff
430,OSM-MNG-SCHOOL-00000006.tiff
431,OSM-MNG-SCHOOL-00000011.tiff
432,UNICEF-MNG-SCHOOL-00000281.tiff
433,OSM-MNG-SCHOOL-00000129.tiff
434,OVERTURE-MNG-SCHOOL-00000407.tiff
435,OSM-MNG-SCHOOL-00000249.tiff
436,OVERTURE-MNG-SCHOOL-00000268.tiff
437,UNICEF-MNG-SCHOOL-00000618.tiff
438,OSM-MNG-SCHOOL-00000236.tiff
439,OVERTURE-MNG-SCHOOL-00000220.tiff
440,UNICEF-MNG-SCHOOL-00000752.tiff
441,UNICEF-MNG-SCHOOL-00000168.tiff
442,UNICEF-MNG-SCHOOL-00000723.tiff
443,UNICEF-MNG-SCHOOL-00000552.tiff
444,UNICEF-MNG-SCHOOL-00000191.tiff
445,OSM-MNG-SCHOOL-00000230.tiff
446,UNICEF-MNG-SCHOOL-00000207.tiff
447,UNICEF-MNG-SCHOOL-00000806.tiff
448,OVERTURE-MNG-SCHOOL-00000148.tiff
449,UNICEF-MNG-SCHOOL-00000446.tiff
450,UNICEF-MNG-SCHOOL-00000835.tiff
451,UNICEF-MNG-SCHOOL-00000172.tiff
452,OVERTURE-MNG-SCHOOL-00000162.tiff
453,UNICEF-MNG-SCHOOL-00000448.tiff
454,UNICEF-MNG-SCHOOL-00000816.tiff
455,UNICEF-MNG-SCHOOL-00000780.tiff
456,UNICEF-MNG-SCHOOL-00000052.tiff
457,UNICEF-MNG-SCHOOL-00000118.tiff
458,UNICEF-MNG-SCHOOL-00000104.tiff
459,UNICEF-MNG-SCHOOL-00000749.tiff
460,UNICEF-MNG-SCHOOL-00000768.tiff
461,UNICEF-MNG-SCHOOL-00000253.tiff
462,OVERTURE-MNG-SCHOOL-00000246.tiff
463,UNICEF-MNG-SCHOOL-00000832.tiff
464,UNICEF-MNG-SCHOOL-00000764.tiff
465,UNICEF-MNG-SCHOOL-00000636.tiff
466,UNICEF-MNG-SCHOOL-00000210.tiff
467,UNICEF-MNG-SCHOOL-00000366.tiff
468,UNICEF-MNG-SCHOOL-00000223.tiff
469,UNICEF-MNG-SCHOOL-00000319.tiff
470,OSM-MNG-SCHOOL-00000241.tiff
471,UNICEF-MNG-SCHOOL-00000244.tiff
472,UNICEF-MNG-SCHOOL-00000663.tiff
473,UNICEF-MNG-SCHOOL-00000829.tiff
474,UNICEF-MNG-SCHOOL-00000064.tiff
475,OSM-MNG-SCHOOL-00000014.tiff
476,OSM-MNG-SCHOOL-00000216.tiff
477,OSM-MNG-SCHOOL-00000020.tiff
478,OSM-MNG-SCHOOL-00000172.tiff
479,UNICEF-MNG-SCHOOL-00000670.tiff
480,UNICEF-MNG-SCHOOL-00000827.tiff
481,UNICEF-MNG-SCHOOL-00000774.tiff
482,OVERTURE-MNG-SCHOOL-00000131.tiff
483,UNICEF-MNG-SCHOOL-00000810.tiff
484,UNICEF-MNG-SCHOOL-00000257.tiff
485,UNICEF-MNG-SCHOOL-00000511.tiff
486,UNICEF-MNG-SCHOOL-00000091.tiff
487,UNICEF-MNG-SCHOOL-00000809.tiff
488,UNICEF-MNG-SCHOOL-00000801.tiff
489,UNICEF-MNG-SCHOOL-00000077.tiff
490,UNICEF-MNG-SCHOOL-00000006.tiff
491,UNICEF-MNG-SCHOOL-00000624.tiff
492,OVERTURE-MNG-SCHOOL-00000242.tiff
493,OVERTURE-MNG-SCHOOL-00000037.tiff
494,UNICEF-MNG-SCHOOL-00000389.tiff
495,OSM-MNG-SCHOOL-00000132.tiff
496,UNICEF-MNG-SCHOOL-00000830.tiff
497,UNICEF-MNG-SCHOOL-00000656.tiff
498,UNICEF-MNG-SCHOOL-00000650.tiff
499,OVERTURE-MNG-SCHOOL-00000414.tiff
500,OSM-MNG-SCHOOL-00000291.tiff
501,OSM-MNG-SCHOOL-00000087.tiff
502,UNICEF-MNG-SCHOOL-00000604.tiff
503,UNICEF-MNG-SCHOOL-00000756.tiff
504,OVERTURE-MNG-SCHOOL-00000043.tiff
505,UNICEF-MNG-SCHOOL-00000325.tiff
506,UNICEF-MNG-SCHOOL-00000714.tiff
507,OSM-MNG-SCHOOL-00000234.tiff
508,UNICEF-MNG-SCHOOL-00000161.tiff
509,OVERTURE-MNG-SCHOOL-00000005.tiff
510,OSM-MNG-SCHOOL-00000148.tiff
511,UNICEF-MNG-SCHOOL-00000779.tiff
512,OSM-MNG-SCHOOL-00000074.tiff
513,UNICEF-MNG-SCHOOL-00000040.tiff
514,OSM-MNG-SCHOOL-00000113.tiff
515,UNICEF-MNG-SCHOOL-00000016.tiff
516,OSM-MNG-SCHOOL-00000040.tiff
517,OSM-MNG-SCHOOL-00000142.tiff
518,OSM-MNG-SCHOOL-00000257.tiff
519,OVERTURE-MNG-SCHOOL-00000350.tiff
520,UNICEF-MNG-SCHOOL-00000415.tiff
521,OSM-MNG-SCHOOL-00000114.tiff
522,UNICEF-MNG-SCHOOL-00000181.tiff
523,UNICEF-MNG-SCHOOL-00000363.tiff
524,OSM-MNG-SCHOOL-00000082.tiff
525,UNICEF-MNG-SCHOOL-00000121.tiff
526,OSM-MNG-SCHOOL-00000149.tiff
527,OSM-MNG-SCHOOL-00000297.tiff
528,UNICEF-MNG-SCHOOL-00000081.tiff
529,UNICEF-MNG-SCHOOL-00000739.tiff
530,UNICEF-MNG-SCHOOL-00000018.tiff
531,UNICEF-MNG-SCHOOL-00000799.tiff
532,OSM-MNG-SCHOOL-00000081.tiff
533,UNICEF-MNG-SCHOOL-00000819.tiff
534,UNICEF-MNG-SCHOOL-00000554.tiff
535,OSM-MNG-SCHOOL-00000276.tiff
536,OVERTURE-MNG-SCHOOL-00000071.tiff
537,UNICEF-MNG-SCHOOL-00000429.tiff
538,UNICEF-MNG-SCHOOL-00000718.tiff
539,UNICEF-MNG-SCHOOL-00000014.tiff
540,UNICEF-MNG-SCHOOL-00000194.tiff
541,OVERTURE-MNG-SCHOOL-00000361.tiff
542,UNICEF-MNG-SCHOOL-00000095.tiff
543,OSM-MNG-SCHOOL-00000073.tiff
544,UNICEF-MNG-SCHOOL-00000480.tiff
545,UNICEF-MNG-SCHOOL-00000790.tiff
546,OSM-MNG-SCHOOL-00000275.tiff
547,OSM-MNG-SCHOOL-00000097.tiff
548,OVERTURE-MNG-SCHOOL-00000283.tiff
549,UNICEF-MNG-SCHOOL-00000217.tiff
550,UNICEF-MNG-SCHOOL-00000657.tiff
551,UNICEF-MNG-SCHOOL-00000206.tiff
552,OVERTURE-MNG-SCHOOL-00000286.tiff
553,UNICEF-MNG-SCHOOL-00000101.tiff
554,UNICEF-MNG-SCHOOL-00000534.tiff
555,UNICEF-MNG-SCHOOL-00000237.tiff
556,UNICEF-MNG-SCHOOL-00000234.tiff
557,UNICEF-MNG-SCHOOL-00000526.tiff
558,UNICEF-MNG-SCHOOL-00000811.tiff
559,UNICEF-MNG-SCHOOL-00000673.tiff
560,UNICEF-MNG-SCHOOL-00000675.tiff
561,OVERTURE-MNG-SCHOOL-00000058.tiff
562,OSM-MNG-SCHOOL-00000083.tiff
563,OVERTURE-MNG-SCHOOL-00000195.tiff
564,OSM-MNG-SCHOOL-00000072.tiff
565,OSM-MNG-SCHOOL-00000008.tiff
566,UNICEF-MNG-SCHOOL-00000080.tiff
567,UNICEF-MNG-SCHOOL-00000710.tiff
568,UNICEF-MNG-SCHOOL-00000706.tiff
569,UNICEF-MNG-SCHOOL-00000131.tiff
570,UNICEF-MNG-SCHOOL-00000090.tiff
571,OSM-MNG-SCHOOL-00000261.tiff
572,OSM-MNG-SCHOOL-00000066.tiff
573,UNICEF-MNG-SCHOOL-00000808.tiff
574,UNICEF-MNG-SCHOOL-00000771.tiff
575,OSM-MNG-SCHOOL-00000015.tiff
576,UNICEF-MNG-SCHOOL-00000740.tiff
577,UNICEF-MNG-SCHOOL-00000658.tiff
578,OSM-MNG-SCHOOL-00000162.tiff
579,UNICEF-MNG-SCHOOL-00000608.tiff
580,OSM-MNG-SCHOOL-00000282.tiff
581,UNICEF-MNG-SCHOOL-00000368.tiff
582,OSM-MNG-SCHOOL-00000302.tiff
583,UNICEF-MNG-SCHOOL-00000012.tiff
584,UNICEF-MNG-SCHOOL-00000615.tiff
585,OVERTURE-MNG-SCHOOL-00000221.tiff
586,UNICEF-MNG-SCHOOL-00000122.tiff
587,UNICEF-MNG-SCHOOL-00000791.tiff
588,OVERTURE-MNG-SCHOOL-00000312.tiff
589,UNICEF-MNG-SCHOOL-00000348.tiff
590,UNICEF-MNG-SCHOOL-00000726.tiff
591,UNICEF-MNG-SCHOOL-00000098.tiff
592,UNICEF-MNG-SCHOOL-00000729.tiff
593,UNICEF-MNG-SCHOOL-00000602.tiff
594,UNICEF-MNG-SCHOOL-00000200.tiff
595,UNICEF-MNG-SCHOOL-00000736.tiff
596,OSM-MNG-SCHOOL-00000053.tiff
597,UNICEF-MNG-SCHOOL-00000773.tiff
598,UNICEF-MNG-SCHOOL-00000767.tiff
599,UNICEF-MNG-SCHOOL-00000043.tiff
600,OSM-MNG-SCHOOL-00000235.tiff
601,UNICEF-MNG-SCHOOL-00000635.tiff
602,UNICEF-MNG-SCHOOL-00000662.tiff
603,OSM-MNG-SCHOOL-00000050.tiff
604,UNICEF-MNG-SCHOOL-00000680.tiff
605,OSM-MNG-SCHOOL-00000299.tiff
606,UNICEF-MNG-SCHOOL-00000541.tiff
607,UNICEF-MNG-SCHOOL-00000044.tiff
608,UNICEF-MNG-SCHOOL-00000700.tiff
609,OSM-MNG-SCHOOL-00000112.tiff
610,OSM-MNG-SCHOOL-00000212.tiff
611,OSM-MNG-SCHOOL-00000118.tiff
612,UNICEF-MNG-SCHOOL-00000033.tiff
613,UNICEF-MNG-SCHOOL-00000294.tiff
614,UNICEF-MNG-SCHOOL-00000324.tiff
615,UNICEF-MNG-SCHOOL-00000523.tiff
616,UNICEF-MNG-SCHOOL-00000709.tiff
617,OSM-MNG-SCHOOL-00000059.tiff
618,OSM-MNG-SCHOOL-00000274.tiff
619,UNICEF-MNG-SCHOOL-00000129.tiff
620,OSM-MNG-SCHOOL-00000043.tiff
621,OVERTURE-MNG-SCHOOL-00000183.tiff
622,OSM-MNG-SCHOOL-00000078.tiff
623,UNICEF-MNG-SCHOOL-00000109.tiff
624,OSM-MNG-SCHOOL-00000123.tiff
625,OVERTURE-MNG-SCHOOL-00000076.tiff
626,OSM-MNG-SCHOOL-00000024.tiff
627,OSM-MNG-SCHOOL-00000094.tiff
628,UNICEF-MNG-SCHOOL-00000777.tiff
629,UNICEF-MNG-SCHOOL-00000203.tiff
630,UNICEF-MNG-SCHOOL-00000106.tiff
631,UNICEF-MNG-SCHOOL-00000023.tiff
632,OSM-MNG-SCHOOL-00000025.tiff
633,OSM-MNG-SCHOOL-00000262.tiff
634,OSM-MNG-SCHOOL-00000174.tiff
635,OSM-MNG-SCHOOL-00000289.tiff
636,UNICEF-MNG-SCHOOL-00000805.tiff
637,UNICEF-MNG-SCHOOL-00000617.tiff
638,OVERTURE-MNG-SCHOOL-00000295.tiff
639,UNICEF-MNG-SCHOOL-00000742.tiff
640,UNICEF-MNG-SCHOOL-00000185.tiff
641,OSM-MNG-SCHOOL-00000213.tiff
642,OSM-MNG-SCHOOL-00000245.tiff
643,UNICEF-MNG-SCHOOL-00000783.tiff
644,OSM-MNG-SCHOOL-00000103.tiff
645,OSM-MNG-SCHOOL-00000201.tiff
646,UNICEF-MNG-SCHOOL-00000826.tiff
647,OSM-MNG-SCHOOL-00000126.tiff
648,OSM-MNG-SCHOOL-00000026.tiff
649,UNICEF-MNG-SCHOOL-00000759.tiff
650,UNICEF-MNG-SCHOOL-00000707.tiff
651,UNICEF-MNG-SCHOOL-00000099.tiff
652,UNICEF-MNG-SCHOOL-00000160.tiff
653,OSM-MNG-SCHOOL-00000221.tiff
654,OVERTURE-MNG-SCHOOL-00000064.tiff
655,OSM-MNG-SCHOOL-00000267.tiff
656,UNICEF-MNG-SCHOOL-00000738.tiff
657,UNICEF-MNG-SCHOOL-00000744.tiff
658,OSM-MNG-SCHOOL-00000210.tiff
659,UNICEF-MNG-SCHOOL-00000219.tiff
660,OSM-MNG-SCHOOL-00000055.tiff
661,UNICEF-MNG-SCHOOL-00000199.tiff
662,OSM-MNG-SCHOOL-00000018.tiff
663,OSM-MNG-SCHOOL-00000294.tiff
664,UNICEF-MNG-SCHOOL-00000449.tiff
665,UNICEF-MNG-SCHOOL-00000431.tiff
666,OSM-MNG-SCHOOL-00000222.tiff
667,OSM-MNG-SCHOOL-00000063.tiff
668,OSM-MNG-SCHOOL-00000127.tiff
669,OVERTURE-MNG-SCHOOL-00000215.tiff
670,UNICEF-MNG-SCHOOL-00000789.tiff
671,OVERTURE-MNG-SCHOOL-00000069.tiff
672,UNICEF-MNG-SCHOOL-00000814.tiff
673,OSM-MNG-SCHOOL-00000250.tiff
674,OSM-MNG-SCHOOL-00000266.tiff
675,OSM-MNG-SCHOOL-00000133.tiff
676,OVERTURE-MNG-SCHOOL-00000060.tiff
677,OSM-MNG-SCHOOL-00000264.tiff
678,OSM-MNG-SCHOOL-00000280.tiff
679,UNICEF-MNG-SCHOOL-00000213.tiff
680,OSM-MNG-SCHOOL-00000037.tiff
681,UNICEF-MNG-SCHOOL-00000247.tiff
682,OSM-MNG-SCHOOL-00000077.tiff
683,OSM-MNG-SCHOOL-00000203.tiff
684,UNICEF-MNG-SCHOOL-00000003.tiff
685,OVERTURE-MNG-SCHOOL-00000416.tiff
686,OSM-MNG-SCHOOL-00000096.tiff
687,OSM-MNG-SCHOOL-00000041.tiff
688,OSM-MNG-SCHOOL-00000013.tiff
689,UNICEF-MNG-SCHOOL-00000628.tiff
690,OSM-MNG-SCHOOL-00000039.tiff
691,OSM-MNG-SCHOOL-00000286.tiff
692,OSM-MNG-SCHOOL-00000173.tiff
693,OVERTURE-MNG-SCHOOL-00000411.tiff
694,UNICEF-MNG-SCHOOL-00000097.tiff
695,UNICEF-MNG-SCHOOL-00000781.tiff
696,UNICEF-MNG-SCHOOL-00000692.tiff
697,OSM-MNG-SCHOOL-00000206.tiff
698,UNICEF-MNG-SCHOOL-00000211.tiff
699,UNICEF-MNG-SCHOOL-00000674.tiff
700,UNICEF-MNG-SCHOOL-00000840.tiff
701,UNICEF-MNG-SCHOOL-00000010.tiff
702,UNICEF-MNG-SCHOOL-00000047.tiff
703,UNICEF-MNG-SCHOOL-00000555.tiff
704,UNICEF-MNG-SCHOOL-00000659.tiff
705,UNICEF-MNG-SCHOOL-00000785.tiff
706,UNICEF-MNG-SCHOOL-00000279.tiff
707,OSM-MNG-SCHOOL-00000259.tiff
708,OSM-MNG-SCHOOL-00000003.tiff
709,UNICEF-MNG-SCHOOL-00000005.tiff
710,OVERTURE-MNG-SCHOOL-00000358.tiff
711,UNICEF-MNG-SCHOOL-00000730.tiff
712,UNICEF-MNG-SCHOOL-00000702.tiff
713,UNICEF-MNG-SCHOOL-00000530.tiff
714,OSM-MNG-SCHOOL-00000199.tiff
715,OSM-MNG-SCHOOL-00000023.tiff
716,UNICEF-MNG-SCHOOL-00000079.tiff
717,UNICEF-MNG-SCHOOL-00000218.tiff
718,UNICEF-MNG-SCHOOL-00000166.tiff
719,OSM-MNG-SCHOOL-00000263.tiff
720,OSM-MNG-SCHOOL-00000284.tiff
721,UNICEF-MNG-SCHOOL-00000054.tiff
722,OVERTURE-MNG-SCHOOL-00000065.tiff
723,UNICEF-MNG-SCHOOL-00000001.tiff
724,OVERTURE-MNG-SCHOOL-00000110.tiff
725,UNICEF-MNG-SCHOOL-00000490.tiff
726,OVERTURE-MNG-SCHOOL-00000466.tiff
727,OSM-MNG-SCHOOL-00000054.tiff
728,UNICEF-MNG-SCHOOL-00000057.tiff
729,UNICEF-MNG-SCHOOL-00000243.tiff
730,UNICEF-MNG-SCHOOL-00000058.tiff
731,OVERTURE-MNG-SCHOOL-00000052.tiff
732,UNICEF-MNG-SCHOOL-00000245.tiff
733,OSM-MNG-SCHOOL-00000253.tiff
734,OSM-MNG-SCHOOL-00000265.tiff
735,OSM-MNG-SCHOOL-00000252.tiff
736,UNICEF-MNG-SCHOOL-00000646.tiff
737,OSM-MNG-SCHOOL-00000057.tiff
738,UNICEF-MNG-SCHOOL-00000766.tiff
739,UNICEF-MNG-SCHOOL-00000103.tiff
740,UNICEF-MNG-SCHOOL-00000026.tiff
741,OSM-MNG-SCHOOL-00000163.tiff
742,UNICEF-MNG-SCHOOL-00000208.tiff
743,OSM-MNG-SCHOOL-00000194.tiff
744,UNICEF-MNG-SCHOOL-00000187.tiff
745,OSM-MNG-SCHOOL-00000105.tiff
746,UNICEF-MNG-SCHOOL-00000056.tiff
747,UNICEF-MNG-SCHOOL-00000008.tiff
748,UNICEF-MNG-SCHOOL-00000292.tiff
749,UNICEF-MNG-SCHOOL-00000547.tiff
750,UNICEF-MNG-SCHOOL-00000229.tiff
751,OVERTURE-MNG-SCHOOL-00000086.tiff
752,OSM-MNG-SCHOOL-00000239.tiff
753,UNICEF-MNG-SCHOOL-00000652.tiff
754,UNICEF-MNG-SCHOOL-00000420.tiff
755,UNICEF-MNG-SCHOOL-00000669.tiff
756,OSM-MNG-SCHOOL-00000204.tiff
757,UNICEF-MNG-SCHOOL-00000067.tiff
758,UNICEF-MNG-SCHOOL-00000812.tiff
759,OVERTURE-MNG-SCHOOL-00000197.tiff
760,OSM-MNG-SCHOOL-00000032.tiff
761,UNICEF-MNG-SCHOOL-00000784.tiff
762,UNICEF-MNG-SCHOOL-00000416.tiff
763,OSM-MNG-SCHOOL-00000214.tiff
764,OSM-MNG-SCHOOL-00000042.tiff
765,UNICEF-MNG-SCHOOL-00000800.tiff
766,UNICEF-MNG-SCHOOL-00000275.tiff
767,UNICEF-MNG-SCHOOL-00000820.tiff
768,OSM-MNG-SCHOOL-00000056.tiff
769,UNICEF-MNG-SCHOOL-00000082.tiff
770,UNICEF-MNG-SCHOOL-00000170.tiff
771,UNICEF-MNG-SCHOOL-00000100.tiff
772,UNICEF-MNG-SCHOOL-00000268.tiff
773,UNICEF-MNG-SCHOOL-00000076.tiff
774,OSM-MNG-SCHOOL-00000304.tiff
775,UNICEF-MNG-SCHOOL-00000778.tiff
776,UNICEF-MNG-SCHOOL-00000553.tiff
777,UNICEF-MNG-SCHOOL-00000174.tiff
778,UNICEF-MNG-SCHOOL-00000807.tiff
779,OSM-MNG-SCHOOL-00000170.tiff
780,OVERTURE-MNG-SCHOOL-00000344.tiff
781,UNICEF-MNG-SCHOOL-00000605.tiff
782,OSM-MNG-SCHOOL-00000268.tiff
783,OSM-MNG-SCHOOL-00000185.tiff
784,OSM-MNG-SCHOOL-00000188.tiff
785,OVERTURE-MNG-SCHOOL-00000363.tiff
786,OSM-MNG-SCHOOL-00000124.tiff
787,UNICEF-MNG-SCHOOL-00000537.tiff
788,OSM-MNG-SCHOOL-00000211.tiff
789,UNICEF-MNG-SCHOOL-00000626.tiff
